movie_id,director_name_ko,cast_names_ko
20040786,강우석,설경구|정준호|유해진|강경덕|박웅|강신일|홍지연|전미애|박태수|남성훈
20040785,정윤철,조승우|김미숙|이기영|백성현|안내상|이진영|허자경|석명홍|정철우|이민숙
20040774,정초신,이지훈|전혜빈|박슬기|송은채|조경진|이희원|박길수|김지영|박준규|김해숙
20040775,공정식,하지원|연정훈|신이|김정난|정준하|손민경|조원경|박은혜|현빈|오대규
20050008,최석원,이동건|한지혜|김꽃비|강기화|최석주|신이|김해곤|김정우|최성은|이진환
20050007,임상수,한석규|백윤식|송재호|김응수|조상건|권병길|정원중|조은지|김윤아|김상호
20040771,김동빈,송일국|장신영|곽지민|이동규|김혜나|오유진|이얼|장소연|이대연|박은선
20040793,김호준,김혜성|박민지|박영미|김유나|김지연|이민아|강남길|김창선|서민정|박철수
20050011,오상훈,이인성|최무인|임창정|최태춘|현경선|김량진|안희성|김혜란|신용극|김은자
20040778,추창민,김수미|여운계|이정진|이문식|오달수|유해진|서영희|길해연|정은표|김상호
20040751,이윤기,김꽃비|김도연|황정민|김혜옥|김지수|김만철|조범구|황경애|조창호|안주희
20050013,박광춘,김원진|공유|김선아|하정우|이범수|남상미|강경희|홍수아|김상호|김회근
20050017,김지운,이병헌|김영철|신민아|김뢰하|이기영|정유미|손정민|황정민|문정혁|오달수
20050077,박영훈,박건형|문근영|김지영|임진승|이정희|이대연|김은경|최진석|박현규|김병일
20050029,구성주,고두심|김유석|손병호|이혜은|반민정|송진열|박충선
20040772,박흥식,정준호|윤소이|김혜나|박정수|최상훈|홍성민|신지용|박종진|윤수정|임대수
20050049,류승완,최민식|류승범|임원희|변희봉|나문희|기주봉|오달수|서혜린|김지훈|이도겸
20050046,임필성,박희순|유지태|송강호|윤제문|최덕문|박선주|안병근|임성민|오희준
20050045,임태형,박원상|최우혁|배종옥|박지빈|양현우|강남미|정혜숙|손선아|김득호|김은자
20050083,천세환,연정훈|박진희|김용훈|최은주|박용식|정혜정|최성욱|하동훈|최원영|심형탁
20050076,김대승,차승원|박용우|지성|장석원|윤세아|최종원|박철민|유해진|박충선|서상원
20050064,조명남,감우성|김수미|김수로|김도연|성지루|신이|이칸희|조용희|김기철|김길라
20050135,김용균,김혜수|박선혜|이용녀|김성수|박연아|송보경|고수희|이얼|최윤영|윤혜정
20050110,한재림,강혜정|박해일|이은숙|이대연|박그리나|이현정|박준명|박혜영|김기형|장준영
20050142,최익환,김옥빈|서지혜|추현경|윤영|최혜윤|차예련|박윤경|이은|김정영|원애리
20050141,민준기,박중훈|황정민|김승우|공효진|최경원|이동석|김병춘|김수현|김응수|박완규
20050148,박찬욱,이영애|최민식|권예영|김시후|남일우|김병옥|오달수|이승신|김부선|라미란
20050160,원신연,방중현|채민서|유선|이윤희|류현민|서현선|진용욱
20050178,장진,차승원|신하균|김지수|박정아|조정진|정영호|박은주|인정주|정규수|임미연
20050180,박광현,신하균|정재영|강혜정|리민|류덕환|임하룡|강남석|손재영|이다운|서재경
20050189,이영은,이범수|최성국|손현주|류용진|추자현|유해진|류태호|박충선|조민기|오지혜
20050190,이우철,성현아|정호빈|박다안|정우철|최지은|최윤희|왕빛나|최장원|김윤예|박정호
20050219,정용기,신현준|김수미|김원희|정준하|최은주|임형준|공형진|탁재훈|정호빈|김해곤
20050233,손희창,김민준|허준호|남상미|김정태|장항선|남문철|윤지혜|조성하|김응수|김광일
20050239,박진표,전도연|황정민|나문희|서주희|윤제문|김상호|이민아|임종윤|신수현|정광재
20050237,유선동,공형진|한석규|이주현|신은경|김영애|이주현|손범수|조은지|조윤성|천진호
20050245,정지우,김정은|이태성|김준성|김지훈|정유미|김영재|유은희|엄용흠|장소연|이주실
20050220,허진호,배용준|손예진|류승수|전국환|김광일|이한위|유승목|곽수정|주부진
20050216,이명세,강동원|안성기|하지원|장민|송영창|윤주상|김보연|서동수|함성원|이동렬
20050232,민규동,황정민|엄정화|김유정|김윤석|진태현|임창정|정경호|최원석|김수로|이은희
20050256,권종관,신민아|염정아|임수정|정우성|차태현|이기우|조성현|조태현|윤현진|안길강
20050261,이계벽,류승범|신민아|김강우|손정민|송민석|함은정|안길강|허명행|김원중|조주현
20050271,방은진,엄정화|문성근|권오중|김선화|최종원|장영진|임예숙|박성빈|김연재|김용건
20050292,김현석,김주혁|봉태규|이요원|김아중|정경호|민도기|김형민|이대연|박철민|최은정
20050305,황병국,정재영|수애|유준상|김지영|정혜영|박길수|권태원|김응수|임찬익|주용재
20050288,김영준,신현준|이서진|윤소이|조원희|황인성|전국환|남지현|권오태|백지열|김서현
20050280,최진원,김래원|강신일|이종혁|윤태영|박성웅|정욱|윤서현|이주호|성기완|임종궁
20050276,박흥식,이재응|문소리|김은영|김동영|강경섭|손봉기|이칸희|박명신|이한위|김봉근
20050283,윤태용,염정아|박해일|홍수연|이봉원|손보현|조민수|박은수|박미선|김만근|조상호
20050318,임경수,신은경|김윤진|문정혁|김꽃비|맹세창|문준호|이상기|김경민|김지민|박현영
20050306,김태은,성현아|조동혁|한지원|이창용|박준영|한지원|임석현|박세진|길해연|지대한
20050333,이준익,감우성|이준기|유해진|정진영|강성연|이동수|김주홍|장항선|정석용|박영수
20050330,오기환,손예진|송일국|김애경|안선영|박준규|박준규|우현|박용우|금보라|강두
20050342,윤종찬,장진영|김주혁|한지민|나카무라 토오루|진태현|김응수|현종욱|최호진|박상윤|박성진
20050326,곽경택,이정재|이미연|장동건|김혜정|김원진|추현경|허욱|신성일|김형찬|홍의정
20050332,전윤수,송혜교|차태현|김신영|김윤석|김지영|한명구|최우혁|송창의|홍성준|강연정
20050354,추창민,설경구|송윤아|이기우|김동영|장항선|전배수|황석정|고규필|박혁민
20050346,신한솔,백윤식|재희|이동진|김응수|최여진|권병길|박기웅|손병욱|길해연|조상건
20050345,김성수,권상우|유지태|엄지원|김윤석|최령|이중문|이동혁|손병호|정원중|이한위
20050363,김동원,정준호|정웅인|김상중|박용식|최윤영|박은비|나현주|김동성|고은영|이배훈
20050349,양윤호,이성재|최민수|서경화|김동현|문영동|차유경|이얼|이봉규|장세진|김원중
20060019,김정우,최성국|신이|김수미|박준규|이상현|백일섭|김광규|이원종|강민서|김장호
20060015,김태균,현빈|이연희|조용준|이한솔|김병세|최찬숙|정욱|강동우|이영태|이칸희
20060025,오기현,동방우|성현아|성지루|이명진|박철민|이선균|조광희|신현문|황응천|장성백
20050355,김대우,한석규|이범수|김민정|서명석|오달수|김뢰하|안내상|김기현|우현|김병옥
20060017,이시명,김수로|조여정|김은경|이동은|윤신애|백민정|손병호|김인문|최윤경|이민아
20050350,유위강,전지현|정우성|이성재|유순철
20060047,문승욱,조재현|김지수|김시권|이성주|조은덕|박정현|이장욱|기주봉|엄효섭|윤제문
20060046,이석훈,봉태규|진태현|최은주|정대훈|조민주|채현주|유지혁|최수진|김정수|이용규
20050344,이하,문소리|지진희|김상현|이주원|강남미|신지혜|유승목|조성하|김동영|신명환
20060051,이한,권상우|김하늘|이상우|강기화|이영철|이경진|장미인애|최종률|김효경|홍수연
20050308,권남기,안재모|윤은혜|박슬기|현영|정준하|장정희|이진우|박효준|양주호|윤택
20060068,손재곤,박용우|최강희|이광우|조은지|정경호|박준오|김권태|유주희|윤혜진|선우선
20060085,강지은,강혜정|조승우|장민|이진영|조현철|진경|강신일|한수빈|김병주|고태호
20060088,송창수,정재영|장서희|임상운|조귀정|신성민|최종원|박인정|황인규|임준혁|박혜인
20060005,권수경,신현준|임하룡|탁재훈|김수미|김효진|정구영|강낙호|조덕현|지대한|권병길
20060100,최호,류승범|황정민|이수현|김혜정|추자현|민도기|신영주|김훈희|조원식|박정률
20060077,김성중,최지우|조한선|김수미|손현주|조연경|최성국|서영희|이인철|이금희|강민우
20060123,김태용,문소리|엄태웅|고두심|공효진|김혜옥|봉태규|김꽃비|주진모|정유미|이인철
20060112,공정식,이문식|김유미|최여진|이광호|박정학|김뢰하|유태웅|김상호|김형범|변희봉
20060070,원신연,한석규|이문식|오달수|차예련|이병준|김시후|정경호|신현탁|천은정|진용욱
20060093,안판석,차승원|조이진|심혜진|유해진|정효숙|이아현|손범수|김상호|송은주|박지은
20060125,김동욱,김효진|박건형|최원영|정욱|강기재|김호규|김미림|박지혜|박찬훈|정진우
20060134,류승완,정두홍|류승완|이범수|김꽃비|김동영|박지환|정희정|조규철|박대희|정우
20060124,권형진,엄정화|박용우|신의재|김호연|이명숙|최윤선|조미애|김현영|정인기|이승현
20060138,조민호,박중훈|천정명|유인영|강민수|최창민|심재원|안정희|최무성|조진웅|김준배
20060135,이항배,양동근|김성수|한대수|한대수|나윤성|강지훈|김혜민|임종윤|정훈|김형범
20060137,유하,조인성|천호진|이보영|박세환|임정우|남궁민|진구|윤제문|선우은숙|이종혁
20060157,안상훈,송윤아|이동욱|손승진|이승주|이승철|정원중|이종수|김정우|최정우|조도연
20050313,조범진,류승범|유현영|임창정|정미|박한재|최준영|박정민|서혜정|장동혁|김창후
20060164,아소 마나부,호리키타 마키|구로키 메이사|장근석
20060207,정종훈,박은혜|임호|박은혜|송휘욱|백은진|김강식|최건|유성권|최선애|오형진
20060151,봉준호,송강호|변희봉|박해일|배두나|고아성|오달수|박노식|고수희|윤제문|김뢰하
20060208,권호영,김서형|김유정|김현희|성경선|김용대|조영진|이황의|최대훈|김자영
20060160,안병기,고소영|강성진|장희진|박하선|김동욱
20060180,베이커 하워드 E.,김형준|김현중|권희덕|임채무|박정민|박정민|유준|이영기
20060147,강우석,조재현|안성기|차인표|문성근|강신일|이윤주|최종원|최연식|이승철|백일섭
20060214,이환경,임수정|김유정|박길수|정경호|박은수|김광규|허재영|신형철|박태종|배정윤
20060218,이재용,김옥빈|박진우|이켠|김도연|김수미|박용식|정혜영|신규식|이용주|박혜원
20060220,곽지균,지현우|임정은|김송희|정애리|신연철|강래연|박동일|양주호|이정민
20060210,임대웅,서영희|오미희|여현수|유설아|김응수|이동규|이지현|박효준|박재희|강지연
20060224,봉만대,도지원|신세경|이기우|김도연|유다인|조성하|조은미|나윤주|최기용|김인경
20060229,여인광,신애라|박지빈|이재룡|김선영|진구|김효선|김대훈|임광수|함은정|권병길
20060225,박철희,신하균|윤지혜|김민준|김응수|조현철|김병옥|이한위|박길수|박충선|박선우
20060245,권성국,하동훈|이민우|김상중|임하룡|성유경|강민주|손정민|정한비치|정시아|최권
20060222,이해준,류덕환|백윤식|신민정|김윤석|김용훈|송선찬|김현근|안종현|문세윤|박영서
20060191,최종태,이준기|이문식|김지훈|손은경|김소은|조현|이재용|조성하|우현|황인범
20060247,홍상수,고현정|김승우|송선미|김태우|윤동환|이기우|조덕제|오태경
20060257,정용기,신현준|김원희|김수미|탁재훈|이승철|김도연|김홍규|임형준|공형진|정준하
20060272,이형곤,주현|박준규|하정우|박시연|최경원|박철민|이광현|우현|김명선|조승우
20060234,김태경,문성근|주진모|홍석천|현성|김정이|이재철|신승훈|박준석|임기영|장지원
20060231,조범구,박건형|이천희|MC 몽|송요셉|김수현|김종태|오달수|조희봉|강동하|황규택
20060284,이준익,박중훈|안성기|신정근|김현아|강광원|함수연|손덕배|최정윤|황현성|노브레인
20060276,이형선,서영희|박인환|최주봉|이주현|이민정|정경호|강기화|오정세|박현영|정희태
20060242,김해곤,장진영|김승우|권지민|손상준|박영호|최정미|박종원|오윤영|오민아|남성진
20060244,송해성,강동원|이나영|윤여정|이재진|김지영|최정우|강신일|김진희|김부선|조민기
20060291,안진우,김정은|이범수|이창환|변희봉|신정근|우현|박준면|조희봉|전미선|오지혜
20060277,최동훈,조승우|김혜수|백윤식|유해진|이수경|김응수|김상호|김윤석|주진모|김정난
20060288,김대승,유지태|엄지원|김지수|최종원|장석원|임종윤|김경란|조석영|김혜련|노승욱
20060292,장진,정재영|정준호|김상일|주진모|박용민|김광현|김규철|김도희|김성진|임도영
20060279,박은형,유승호|김향기|김동영|안길강|백승도|허창|형성석|김라민|최상훈|임요한
20060236,박기형,정경호|이태성|장희진|손성훈|조진웅|고규필|김두만|조성수|박종후|박준수
20060338,조근식,이병헌|수애|김래혁|오달수|유해진|이세은|정석용|이혜은|최덕문|김중기
20060352,김유성,김사랑|하석진|하동훈|김윤아|이혁재|안선영|박철민|박준규|김홍준|김해곤
20060316,이철하,문근영|김주혁|도지원|이기영|조상건|진구|서현진|심정수|박현진|박형준
20060339,변승욱,한석규|김지수|전소영|소윤성|조영인|김병민|주승환|김금선|민인기|이훈
20060283,김성훈,백윤식|이혜영|봉태규|김도연|이혜영|정우|황석정|우현|안길강|박재현
20060261,이정범,설경구|조한선|이문호|김호연|최경원|김경란|김영옥|나문희|주진모|김경희
20060280,김태윤,김수로|이선균|고은아|김영민|이정우|문단열|강경헌|강동헌|김병옥|김응수
20060353,강석범,김래원|김해숙|허이재|김정태|이준원|한정수|박성웅|김병옥|지대한|정은표
20060369,김상우,엄정화|다니엘 헤니|오미연|김기현|박현영|옥지영|장소연|최진호|손진호|최종률
20060387,김용화,김아중|주진모|김현숙|조아영|이보라|박노식|이한위|이원종|류승수|김지석
20060356,박찬욱,임수정|정지훈|박병은|오달수|김주복|김도연|최희진|이용녀|손영순|유호정
20060396,김석윤,예지원|지현우|나현준|전우형|김영옥|최찬숙|김혜옥|김호준|서승현|김기영
20060373,조의석,김상경|박용우|한보배|장재영|강남미|송민주|정일우|함은정|오정세|이종수
20060357,조진규,이범수|서기|조희봉|최령|심정호|안광남|김도영|민성주|임결향|오지명
20060370,조동오,정우성|김태희|정욱|김광일|신제문|소이현|김민범|백경순|백동현|오세윤
20060407,이상훈,김수미|김영찬|여운계|이문식|김지영|이규한|길해연|이유진|김누리|이철민
20060391,장지량,유덕화|안성기|최시원
20060403,김창래,고소영|조안|오달수|박선혜|유건|이중문|옥지영|박은영|김나연|박대희
20060389,임상수,지진희|염정아|김현아|박혜숙|김유리|이은성|김응수|강규성|조덕현|신승훈
20060408,이성강,손예진|공형진|류덕환|최도영
20060417,김정우,이동욱|현영|이도겸|주석태|이미은|황석정|이종수|손승진|정현|박진호
20060412,허인무,강혜정|정경호|배종옥|이미영|이영유|이원종|황선화|심태윤|강승희|박성현
20070014,윤제균,하지원|임창정|정두홍|강예원|주현|박용주|신윤주|남동협|채백호|최광섭
20070015,박진표,설경구|김남주|강동원|김영철|송영창|고수희|김광규|전혜진|임종윤|김영필
20070021,박성균,권오중|최성국|조원희|신현준|박광남|오승현|정준하|이한위|김웅민|이재석
20070010,최성철,김석훈|김성은|하은설|우현|송요셉|손준형|김뢰하|장태성|김명두|김한규
20060421,장문일,김혜수|윤진서|이종혁|이민기|김도연|황정민|정은표|송정은|홍상아|조선경
20070020,김현수,차태현|임채무|이소연|정석용|이병준|조영호|조용준|박선우|박영서|김기현
20070047,진광교,박용우|남궁민|왕지혜|이주환|유하복|김응수|조경숙|임은혜|이기영|오정세
20070102,임아론,이선|김태균|박상호
20070066,최양일,지진희|강성연|최정우|조성현|오만석|최덕문|김준배|이기영|정만식|김승훈
20060420,박정우,감우성|김수로|이준원|최정우|김혁|강성진|이도겸|문정희|김영옥|이진영
20070084,장규성,차승원|유해진|최정원|김응수|강귀호|남일우|변희봉|전원주|이원종|염정아
20070042,정윤철,천호진|문희경|김혜수|유아인|황보라|하은설|정유미|이기우|임혁필|이용범
20070104,김한민,박해일|박솔미|성지루|김광수|유혜정|이대연|김인문|오정세|김병춘|박길수
20070110,박규태,권오중|최우혁|정진영|김병철|임성희|강남규|정효영|조범규|문가영|신정근
20070096,박광수,박신양|서신애|예지원|김도연|김선화|김동환|이주용|류승수|조민규|김원섭
20070097,지길웅,이청아|박기웅|이상헌|조달환|이영하|양금석|최일화|신선주|조성호|박충재
20070072,한재림,송강호|박지영|오달수|김소은|윤제문|최일화|이대연|오정세|김혜진|최재연
20070099,임권택,조재현|오정해|조경화|오승은|장민호|김효신|신경호|조영재|서명희|류태호
20070151,김성욱,김수미|김애경|유진|하석진|임채무|임채무|윤다훈|성은|김경욱|최기석
20070115,이창동,전도연|송강호|조영진|김영재|김종수|오만석|김미경|김영선|김미향|이민호
20070111,장진,차승원|류덕환|김지영|이상훈|유해진|이한위|배성일|진원|김윤혜|김현준
20060230,김지환,박신혜|양금석|재희|김민경|최원석|홍성민|안미나|정상훈|박명신|김화영
20070205,신태라,황정민|유선|강신일|김혜정|유승목|정인기|송찬호|최정자|최찬민|김상택
20070206,김진아,하정우|파미가 베라|데이비드 맥기니스|이화시
20070128,장윤현,송혜교|유지태|윤여정|김병철|김유정|이광희|윤영민|류승룡|정유미|김응수
20070293,이권,김기범|김석주|강인|예성|성민|류정아|박정수|신동희(신동)|은혁|한경
20070257,김태경,차예련|조안|이인|홍소희|정아영|이동국
20070250,손태웅,한지민|오태경|온주완|홍희자|예학영|조민기|성창연|박정현|우지현|유선진
20070209,김지훈,김상경|안성기|이요원|이준기|박철민|김하림|김철기|이정국|손병호|이얼
20070262,정범식,김보경|이동규|진구|김태우|김응수|예수정|정지안|데이비드 맥기니스|김종윤|김자영
20070107,손현희,탁재훈|김선아|염정아|박창섭|박현경|이상길|임영식|엄수정|이한나|조희봉
20070305,오기환,윤진서|이기우|박기웅|정욱|김도연|김민경|김소은|이기우|이새별|성민
20070316,심형래,브룩스 아만다|베어 제이슨
20070289,이규만,김명민|김병철|정유석|김태우|유준상|김유미|김뢰하|백승환|김건수|서영화
20070089,김종진,임창정|박진희|김수미|류승범|최우혁|최무인|심원철|박경순|이한위|김광규
20060425,임영성,정준호|김원희|고은아|김지영|정혜영|이한위|김해곤|이승희|신은경|박정우
20070348,강경훈,예지원|정경호|임원희|정두홍|리차드 김|우현|조희봉|김병춘|조은지|윤주상
20070367,정윤수,박용우|한채영|이동건|엄정화|허은|박인영|심준보|이현순|이형숙|강성필
20070421,김상진,강성진|유해진|나문희|백상열|김서현|강경덕|김홍택|신승훈|조영민|백성기
20070379,이석훈,봉태규|정려원|진태현|김혜옥|이영아|강병조|조달환|이혜은|김사희|임성찬
20070381,황동혁,김영철|다니엘 헤니|김인권|이건문|안석환|김호연|전국환|최종률|이상희|최정원
20070393,박영훈,백윤식|임하룡|박준규|이소연|노영국|김성원|강규영|이상경|김태훈|박윤재
20070441,곽경택,주진모|박시연|김민준|주현|김혜정|최지은|임성규|임현성|김광규|박진우
20070383,심승보,손창민|박상면|김성민|서지혜|공정환|이성재|조지훈|전창걸|이승신|공정환
20070358,하명중,하명중|하상원|한혜숙|조영민|노민우|조미정|홍성수|이미애|오유진|정세형
20070380,이준익,김상호|김윤석|주진모|장근석|정진영|김호정|조성구|홍인기|노브레인|정성미
20070497,김미정,박진희|윤세아|류정아|임정은|서영희|김남진|김미경|김현아|김유라|정예지
20070434,라희찬,정재영|손병호|주진모|임지은|이재용|김민진|김규철|이새봄|박성일|박소라
20070023,이언희,이미연|이태란|김준성|이영란|최보윤|마르코|김병춘|윤제문|남정희|김홍표
20070450,이명세,강동원|이연희|공효진|이세련|채호기|서동수|정인기|변상윤|송대중
20070500,강효진,도지원|손현주|박상욱|김병철|김정환|김지완|홍성민|최진리|이주실|서승원
20070433,허진호,황정민|임수정|공효진|조용준|유승목|김기천|박인환|신신애|류승수|신종민
20070091,박상준,백윤식|이문식|박효준|김유정|라미란|우현|김상호|안미나|정경호|최령
20070466,원신연,김윤진|김미숙|박희순|최무성|장항선|양진우|정동환|이도겸|조덕현|서동수
20070504,김현석,임창정|엄지원|박철민|탁트인|김철준|이대연|백일섭|김희원|정종훈|서호영
20070435,전윤수,김강우|이하나|이태리|임원희|김성원|정진|함영희|김효석|김명자|김미수
20070545,김진성,김혜수|김영찬|류승룡|김지영|노민우|최두영|신동호|김동현|홍기준|오일용
20072520,정길영,류덕환|오만석|최정우|이선균|김호연|탁우석|박재현|송요셉|정혜원|소영철
20070639,이한,감우성|최강희|엄태웅|박정민|이은아|이연희|정일우|임정은|서신애|박현정
20070637,윤태윤,임창정|송지효|최성국|신이|김형일|정혜윤|이상윤|박영수|김태호|홍지영
20070610,한지승,설경구|김태희|김도연|이경호|임병훈|김해수|김해석|유일한|정슬기|양재성
20070640,박용집,한예슬|이종혁|권오중|김인권|윤주상|조혜진|손봉수|조석환|이연주|김동철
20070661,류승진,손태영|장근석|데니 안/ 안신원|김산호|장희진|진태현|유인영|이정훈|권진영|이영진
20071675,윤인호,변희봉|손현주|신하균|이혜영|김혁|이은성|박유리|신정근|한재영|노승범
20070660,권칠인,이미숙|김민희|안소희|김성수|김준성|송지혜|조영수|한혜진|함현주|김경형
20080015,하기호,류승범|이종혁|김사랑|김뢰하|오정세|최우석|황보라|이상혁|이남희|전수지
20071064,이상기,김명민|손예진|김해숙|김철준|김기천|김준배|김정태|홍의정|김병옥|박종희
20071067,정윤철,황정민|전지현|진지희|박현영|홍희자|서영화|최우혁|조상현|김기석|김한길
20080008,최종현,탁재훈|강수한|조안|박원상|이인선|신동미|선우선|최재민|김희석|김은선
20070382,임순례,문소리|김정은|엄태웅|김지영|조은지|강재원|이미도|조영진|이봉규|정석용
20080011,정용기,박용우|이보영|김수현|성동일|김응수|안길강|조희봉|강규영|김명수|이상찬
20070548,박현진,김하늘|윤계상|차현정|신성록|김혜옥|옥지영|서동원|이대연|허자연|김란
20071047,최진원,최성국|공형진|최정원|송요셉|윤제문|탁트인|최기훈|김중기|이한위|김홍엽
20080014,김영준,신현준|허준호|조수민|권오중|김현아|조원희|박민지|기주봉|김명국|홍승현
20072151,김정권,차태현|하지원|박희순|박그리나|신동수|유윤상|조덕현|정경순|이기영|전미선
20080046,나홍진,김윤석|하정우|서영희|박효주|김유정|최정우|정인기|김영선|최지윤|김은성
20080142,김종현,안성기|조한선|정석용|조진웅|이은지|최일화|박철민|선우선|정인기|김수남
20080226,김해곤,송승헌|권상우|김인권|박한별|임정희|박유택|최재환|노남석|이명호|정우
20080105,펑샤오강,장한위
20080146,박대영,이천희|한지혜|정재진|손은서|김수현|박충선|이도겸|김명일|최혜진|조정환
20072148,공수창,천호진|조현재|이영훈|이도겸|김병철|강남미|성진욱|박상언|민성욱|조진웅
20080397,신한솔,봉태규|김예원|박영서|김영애|오달수|윤여정|김상일|류미주|김호원|서영
20080331,강건향,장근석|정의철|차예련|임주환|김혜옥|박민지|이은|한태윤|이근희|박은규
20080394,윤종빈,하정우|윤계상|이승민|윤진서|이장혁|이정민|김준서|서영화|권세인|윤아정
20080291,이인항,유덕화|매기 큐|적룡
20080656,임원국,박정아|박진우|장민호|이원종|김태호|김고운|이일화|양금석|이현미
20080516,송동윤,유승호|오수아|이창훈|김유정|김경란|강길남|홍민기|박상하|김동수|맹관표
20080736,강우석,설경구|정재영|김영필|강신일|유해진|탁트인|이상현|이재원|조한영|박창용
20071060,김상만,나문희|김선아|이기연|최정우|강대희|성동명|소희|손종규|박영훈|임진영
20070291,곽재용,신민아|온주완|유건|임적안|최재성|정호빈|송원영|송윤회|홍서연|최정우
20080663,김태균,차인표|신명철|주다영|서영화|임홍식|홍성수|김민채|김경란|박정순|김나영
20072673,조남호,심혜진|김수미|이상우|이다희|이계인|박준환|백승일|한용수|서성경|서하나
20080968,안권태,한석규|차승원|송영창|김윤태|이병준|김혜정|박영찬|임성규|김지석|손병욱
20080764,이준익,수애|정진영|정경호|주진모|신현탁|조미령|이주실|박윤호|신정근|홍영승
20080871,정영배,정웅인|성지루|최종원|최지연|최우혁|이상훈|박현순|조현국|유수영|김수정
20072152,김지운,송강호|이병헌|정우성|엄지원|오일용|오달수|김광일|손병호|이청아|김선영
20081058,창,이범수|남규리|김범|윤정희|권현상|백하나|이도현|이얼|공정환|손여은
20080833,류승완,임원희|공효진|박시연|황보라|김수현|권지훈|김병옥|안길강|오지혜|구본웅
20081132,김진영,장근석|문메이슨|송하윤|고규필|오광록|김도연|박영진|최재환|박현숙|김병옥
20081002,이윤기,전도연|하정우|김혜옥|김영민|이장욱|김중기|김희정|장소연|오지은|이승연
20081001,김유진,정재영|한은정|허준호|안성기|김명수|신정근|조원희|이광희|박윤희|조주현
20081243,장훈,소지섭|강지환|김태웅|홍수현|고창석|허태희|송용태|한기중|곽희원|박상진
20081244,박광춘,김수로|이한위|백성현|박보영|이민호|문채원|이찬호|김성령|김주희|강내균
20080399,권형진,유해진|진구|김설우|김준배|경규원|장준녕|김하영|심재원|전동성|박창희
20080741,최호,조승우|신민아|이원정|곽선영|이성훈|강경래|정현아|손대구|강명찬|최민철
20081403,김정권,이동욱|유진|김현주|조정일|박동진|조덕현|고수희|박휘순|기주봉|유다인
20081519,하나도 준지,하라 히데코|이태성|오나가 마키|정동환|서재경
20072686,정지우,박해일|김혜수|김남길|이새별|김영재|김준배|허민|박용성|백설아|한지원
20081391,이경미,공효진|이종혁|서우|황우슬혜|방은진|배성우|서보익|라미란|봉준호|박찬욱
20080887,김기덕,이나영|오다기리 죠|이호영|진태현|김민수|한기중
20050086,강이관,문소리|이선균|강래연|주진모|강길삼|최무성|박미현|노윤|최형인|류현정
20081395,정윤수,손예진|김주혁|주상욱|이주실|천성훈|김병춘|오정세|정세형|오연아|손희순
20081611,전윤수,김민선|김영호|김남길|채송화|김규리|추자현|한명구|이성훈|박예슬|박용
20080637,민규동,주지훈|김재욱|유아인|최지호|탁트인|이상하|이휘향|문희경|김창완|박준면
20061223,배형준,송창의|이완|박그리나|이기영|한성진|안길강|정경호|박영서|홍의정|배형준
20080890,류장하,유지태|이연희|채정안|강인|최수영|황석정|최희용|나수윤|최민호|박보경
20080743,여균동,이정재|김석훈|김옥빈|이원종|김수남|김현우|이광희|유지연|조덕현|남정희
20081672,강형철,차태현|박보영|왕석현|임지규|황우슬혜|정원중|김기방|김혜진|노수정|류수경
20080750,정정화,김선아|박진희|조한선|이기우|김동욱|최은주|안은정|이동민|변현석|박경태
20081718,강철우,이선균|이수경|이민기|유진|이일화|이문식|한명구|정의철|남궁은숙|양희정
20081716,유하,조인성|주진모|송지효|임주환|여욱환|심지호|송중기|노민우|조강현|김태수
20081727,이충렬,최원균|이삼순|김민자|최종만|최종민
20090014,김동원,정준호|정웅인|정운택|김상중|박상민|최경원|노승범|김홍식|홍광석|김형운
20080870,윤종석,김강우|조재현|박시연|김호성|신상열|홍의정|김준원|신현규|안재정|원동연
20090023,이호재,박용하|박희순|김민정|김무열|조덕현|김준성|신지희|박재웅|권형준|조재윤
20090022,홍지영,김태우|신민아|주지훈|전혜진|안혜경|민성욱|김호원|김도영|백진희
20090042,김한민,엄태웅|박용우|박솔미|조문희|김유석|이세나|최성순|이승준|박길수|서우
20090085,원태연,권상우|이보영|이범수|손현수|김흥국|이승철|신현탁|이한위|지대한|최종학
20090169,김성홍,문성근|추자현|전세현|오성수|이봉규|남문철|백설아|허기호|김봉수
20081737,신태라,김하늘|강지환|임성현|유승목|강규영|강신일|장남열|김형범|장영남|김민국
20090156,박대민,황정민|류덕환|오달수|엄지원|박진우|송요셉|홍서백|홍의정|홍의정|김동길
20090035,양익준,양익준|김꽃비|이환|손승현|강광희|강병조|조민영|김희수|길해연|정만식
20081003,박찬욱,송강호|김옥빈|신하균|김해숙|송영창|오달수|박인환|구용완|라미란|손종학
20090193,황수아,강혜정|박희순|문재원|강다연|허남훈|승리|강현정|조은지|유진성|이대영
20090225,박희곤,김래원|엄정화|임하룡|홍수현|박영석|박송해|김병옥|오정세|이얼|지대한
20090237,이해준,정재영|정려원|강문정|박보영|이성배|임수진|최소영|양미경|이정애|박영서
20090248,봉준호,김혜자|원빈|정영기|진구|윤제문|최재원|전미선|송새벽|천우희|이미도
20090261,홍상수,고현정|김태우|엄지원|문창길|공형진|정유미|서영화|유준상|하정우|예수정
20090297,이연우,김윤석|정경호|견미리|선우선|최수현|최권|신정근|이무생|유하복|차은재
20090327,이종용,오연서|장경아|손은서|송민정|유신애|한정아|정혜인|강별|박정윤|최민
20090307,김용화,하정우|성동일|김지석|김동욱|최재환|이재응|이은성|심영|이한위|이혜숙
20090319,오기환,김강우|황정민|김민선|김수로|김영근|김효진|배종옥|송중기|신세경|엄정화
20090051,신정원,엄태웅|정유미|윤제문|권영국|박혁권|장항선|김기천|강구현|홍세인|정윤민
20090336,박건용,이범수|조안|김민영|이범석|우현|최희서|변희봉|신정근|기주봉|송재희
20090074,윤제균,설경구|하지원|박중훈|엄정화|이민기|강대규|김원영|김유빈|신정원|성유경
20090389,조민호,박해일|신민아|박희순|고은아|정유미|이민기|이천희|강왕수|최무성|신동미
20090434,이용주,남상미|류승룡|김보연|심은경|오지은|문희경|장영남|강대희|신은정|박지선
20090454,에바 진,장쯔이|소지섭|판빙빙|하윤동
20090304,윤재연,유진|박한별|차수연|조은지|정혜진|이혜상|이영진|반민정|황승언|정인기
20090527,김용화,하정우|성동일|김지석|김동욱
20090556,권상준,황진수|김대우|손경구|조규철|조성환|박종윤|권영준|박광일|이상화|이용훈
20090329,박진표,하지원|김명민|김여진|남능미|임하룡|최종률|신신애|임종윤|임형준|임성민
20090308,김용균,조승우|수애|천호진|김선화|남현정|이대현|최경원|최재웅|박민희|고수희
20090484,정기훈,최강희|김영애|정혜선|소주영|허서영|장영남|최일화|김성태|박용제|박윤남
20090510,홍기선,정진영|장근석|신승환|오광록|고창석|송영창|김중기|최일화|박수영|박선우
20090605,장진,장동건|이순재|고두심|한채영|임하룡|한동학|허정규|송기관|송영규|박일
20090581,박지원,유승호|김영호|고창석|정선경|이세나|이광기|조진웅|이병준|최낙희|김윤안
20090562,강석범,이범수|김민선|유종근|김주호|김선영|강남영|함아름|박상욱|임대호|이용혁
20090667,박찬옥,이선균|서우|황현규|송요셉|김해진|심이영|이대연|우현|이봉규|김형용
20090557,허진호,정우성|고원원|김상호|이봉화|이서영
20090800,장용우,최승현|승리|허이재|최인숙|조규범|김윤구|장소연|정성일
20090724,이장수,이지아|강지환|신현탁|한수빈|장지은|윤정원
20090822,이성한,정우|권재현|황정음|강경현|이인혁|강경준|강경훈|정효원|송민근|김형기
20090305,박신우,한석규|손예진|고수|이민정|정진|서진원|박성웅|최진호|손지나|예수정
20090669,최진호,윤계상|조재현|허태희|이정길|남문철|이창주|정경호|조성하|김봉근|전미선
20090801,이형민,한효주|김재중|조선욱|서민지|윤석현|장주연
20090590,김진영,임창정|박예진|이준혁|박미선|서영희|양택조|박효주|김희원|이철민|길해연
20081729,양종현,신현준|강혜정|장문석|김영민|박재영|최진우|조윤호|서종해|최선목|권기형
20090146,정승구,장혁|이상우|이민정|조동혁|조수현|황우슬혜|이래경|변희봉|신종훈|최학림
20090815,정용기,이범수|이시영|김수로|성동일|서민균|허지원|박인환|조희봉|김도영|김두환
20090875,강석범,강혜정|한채영|허이재|배수빈|김혜옥|조은지|손정민|지대한|공정환|도영서
20090311,윤재구,차승원|송윤아|류승룡|김수남|박효주|한아름|천지윤|박경소|임기홍|이엘
20090862,이재용,고현정|김민희|이미숙|윤여정|최지우|김옥빈|손대식|정희연|유태오|유태오
20090077,최동훈,강동원|임수정|김윤석|유해진|김시권|주진모|선우선|강동균|정혜란|손선영
20090926,김길형,김정은|진구|왕지혜|박길수|허동우|윤현아|이병준|최종원|김영옥|이칸희
20090890,이광재,김지석|이나영|박정현|김희수|조아름|이필모|김희원|김응수|최장현|장남열
20090888,김형준,설경구|류승범|한혜진|김홍파|성지루|박상욱|이정우|김혁|강규환|강승완
20090892,권형진,송윤아|김향기|경규원|이기우|김여진|김명국|전미선|김혜진|최지우|양진성
20090895,김상진,지현우|조한선|박영규|송율규|정재훈|문원주|나해리|탁트인|이세미|이미도
20090914,강대규,김윤진|나문희|강예원|이다희|장영남|박준면|정수영|임채연|이선주|김호연
20090904,장훈,송강호|강동원|전국환|박혁권|윤희석|최정우|정인기|설진욱|강명희|차엽
20090160,권호영,지진희|이종혁|하정우|윤세아|박병은|권정민|오현경|박사랑|오지은|김태훈
20100075,김철한,감우성|장신영|이승민|탁트인|최원영|천성훈|조덕현|김동효|우현|조대현
20100107,권지연,유지태|윤진서|이미도|정인기|오연아|지대한|유현주|임호|임형국|강애심
20100141,김진만,김남길
20090939,강효진,나문희|김수미|김혜옥|임창정|장원영|김희원|김광규|강경헌|라미란|염동헌
20090931,이준익,황정민|차승원|한지혜|백성현|송영창|신정근|이해영|김창완|박윤호|김보연
20100129,김동욱,유오성|김동욱|심은경|김응수|송옥숙|김미소|허행욱|신정민|김태형|김정식
20100131,이정호,엄정화|류승룡|이도경|박사랑|최무성|조진웅|이성민|오정세|조희봉|이원철
20090947,이하,지진희|이문식|양익준|지진희|김영호|유승목|김여진|옥지영|권병길|최정인
20100168,유성엽,김해숙|박진희|정현주|조영진|박준호|최태영|최혜경|권오현|강주연|서원상
20090331,조창호,김남길|황우슬혜|이재민|정윤민|신소율|윤제문|남성진|장원욱
20100206,계윤식,이성재|강성진|정경호|유태웅|이선호|오태경|지대한|최지현|이상훈|박지훈
20100256,김광식,박중훈|정유미|박원상|정우혁|정인기|권세인|노승범|민경진|권율|조원철
20100198,조명남,손병호|임원희|이아이|동현배|손종우|김형범|이신성|이기원|김수현|박충선
20100191,이창동,윤정희|이다윗|김희라|안내상|조한기|김계선|홍성범|신소영|박용식|허윤선
20100188,임상수,전도연|이정재|윤여정|서우|박지영|안서현|황정민|문소리|신재민|박지선
20100210,김태균,박희순|고창석|조진웅|김현석|이진서
20090927,김대우,김주혁|류승범|조여정|박영미|문원주|류현경|오달수|송새벽|오정세|공형진
20100296,이재한,차승원|권상우|최승현|김승우|문재원|김혜성|신현탁|신경선|추종범|김윤성
20100326,유선동,김수로|황정음|윤시윤|박지연|박은빈|남보라|강내균|권현상|윤승아|박진수
20100380,이정철,달이|성동일|김정태|송중기|정훈영|권해효|박순천|왕석현|신민철|정주연
20100209,강우석,정재영|박해일|유준상|유선|허준호|유해진|김상호|김준배|유준상|강신일
20100353,우민호,김명민|엄기준|박주미|김소현|이경근|이병준|최민서|박수용|이나경|신현종
20100214,이정범,원빈|김새론|김희원|김성오|김호연|김효서|조영아|이상하|남경읍|송영창
20100301,김지운,이병헌|최민식|조승민|김인서|최무성|천호진|오산하|전국환|구용완|신정훈
20100300,조원희,천호진|유해진|김혜정|안주미|서효림|라미란|조원희|김태연|이윤정
20100769,이철하,신경선|윤이나|전인걸|현태호|신소율|이화정|박진원
20100329,양윤호,김태희|양동근|박근형|고두심|박사랑|우현|송재림|박희본|강나윤|김현철
20100281,장철수,서영희|백수련|박정학|이강희|지성원|홍승진|김경애|배성우|유순철|아인
20100833,송해성,주진모|송승헌|김강우|조한선|이신성|임형준|이소희|서태화|김해곤|최재원
20100835,육상효,김인권|김정태|신현빈|칸 모하마드 아사두즈만|전국환|박영수|정석용|신정근|홍덕표|노재훈
20100834,김현석,엄태웅|이민정|최다니엘|박신혜|박철민|전아민|송새벽|류현경|이미도|이미소
20100962,구수환,이금희
20100813,장진,김수로|한재석|송영창|류승룡|장영남|류덕환|이수영|이종필|김병옥|이해영
20100305,권혁재,설경구|이정진|오달수|주진모|문정희|송새벽|김형주|이영수|황병국|서동필
20101007,주경중,이성재|김지훈|박현진|김기연|조수진|황희숙|주희|임소은|양지원|김예지
20100213,류승완,황정민|류승범|천호진|김승훈|유해진|마동석|백승익|이희준|오정세|김수현
20100302,김상만,수애|유지태|김윤태|김동협|신다은|최다연|정만식|남지현|정혜영|제정훈
20100057,권칠인,추자현|정찬|김흥수|한수연|하은설|손민구|김도영|형성석|홍리경|김흥수
20101039,박수영,이정진|김태우|정인기|김창숙|임성언|박영선|최정우|김병춘|천보근|홍기석
20101109,정윤수,문소연|정준호|심이영|신은경|송윤영|김혜원|최재원|장민호|최효종|강경일
20101009,신근호,임창정|엄지원|임효우|하은설|이영란|허서영|정은우|조덕현|김사희|김명국
20101113,손재곤,한석규|김혜수|지우|송병철|이용녀|김기천|동호|오재균|한민|권혁석
20101010,김민석,강동원|고수|김수남|정은채|손지나|최덕문|변희봉|김광규|김인권|김한나
20101012,이해영,신하균|김아중|엄지원|심혜진|성동일|류승범|백진희|오달수|박소현|조안나
20101200,장유정,임수정|공유|천호진|이청아|전수경|류승수|신성록|정규수|정성화|장영남
20101209,심형래,심형래|마이클 리스폴리|하비 케이틀|제이슨 미웨스|조셀린 도나휴|안소희|우혜림
20101221,김정훈,이선균|최강희|류현경|오정세|석정현|조성환|송유하|박성일|조은지|이원종
20101223,김영탁,차태현|강예원|이문수|고창석|장영남|천보근|이한위|안길강|신성일|이창수
20101222,나홍진,김윤석|하정우|조성하|이철민|이엘|정만식|정민성|박윤호|김기석|박재홍
20102416,강우석,강신일|유선|정재영|조진웅|장기범|이현우|김혜성|김경호|조찬형|안창현
20101399,윤재근,김윤진|박해일|강신일|이승준|전배수|김상호|정다혜|백도겸|이한위|김재경
20102414,김석윤,김명민|한지민|오달수|김호연|최무성|우현|이재용|예수정|정인기|김영훈
20102415,이준익,정진영|이문식|류승룡|윤제문|선우선|이광수|류담|신정근|류승수|강하늘
20119337,추창민,이순재|윤소정|송재호|김수미|송지효|오달수|박남희|이상훈|김비비|김향기
19820019,김태용,현빈|탕웨이|김서라
20119341,이규만,박용우|류승룡|성동일|성지루|김여진|박병은|주진모|조덕제|서영화|이의수
20119717,장진,김수로|김동욱|김지원|이순재|심은경|김준배|이용이|이철민|김원해|이나라
20119720,허인무,윤은혜|박한별|차예련|유인나|최윤영|이용우|동호|김광규|신다영|김민수
20119511,정우철,임창정|김규리|손현우|윤지민|안석환|김태훈|강성진|이미소|성지혜|최효영
20119618,김진영,송새벽|이시영|백윤식|김수미|박철민|강동호|손대구|임종혁|정웅인|박주희
20119989,이세영,김새론|김승우|최정윤|손병호|임하룡|이민재|천성훈|노정의|조덕현|박충선
20119627,민규동,김갑수|서영희|배종옥|조성훈|박혁권|이영숙|박희본|이대연|이솜|오나라
20119974,조진모,윤하|류승범|박철민|정선경|성동일|서지혜|아인|안길강|이철민|정만식
20119529,박건용,김주혁|유해진|정려원|조민아|신성훈|이신성|채빈|윤석현|변희봉|신정근
20110193,강형철,유호정|심은경|강소라|고수희|홍진희|김민영|김선경|김보미|이연경|남보라
20119619,임찬익,박중훈|이선균|김정태|강기화|손광익|손정희|김해정|최덕문|이한위|권병길
20119527,조운,류덕환|박예진|백윤식|오달수|강대연|데니 안/ 안신원|박영서|우현|신민섭|유선희
20110289,박광우,안내상|진지희|윤주상|박재훈|춘자|전소영|정호원|송성호|태리|심재훈
20119628,최익환,엄정화|김해숙|류현경|전수경|이형석|이원희|유해진|이동하|조우진|홍진성
20110313,박인제,황정민|김민희|김상호|진구|배성우|이희준|김보연|정만식|권범택|안길강
20110251,전재홍,윤계상|김규리|한기중|최무성|김종수|배용근|유하복|박장면|김영훈|최석준
20110233,김선,황우슬혜|함은정|최아라|정병욱|이윤아|진세연|강명희|김유란|김기방|이용희
20110296,변승욱,김예론|김동욱|박민영|강경자|조석현|신다은|박현영|서이숙|이중옥|이상희
20119515,장훈,신하균|고수|이제훈|류승수|고창석|이다윗|류승룡|김옥빈|조진웅|정인기
20110279,오성윤,문소리|박철민|최민식|유승호|김상현|김한솔|홍윤정
20110290,조범구,고창석|강예원|이민기|김인권|이건우|이새별|김병철|김재화|오정세|전국환
20119513,김지훈,하지원|박철민|이한위|오지호|송새벽|안성기|차예련|박정학|박영수|오민석
20110297,안상훈,김하늘|유승호|조희봉|양영조|박보검|이한솔|김사희|최지호|조은서|박주혜
20110302,김한민,박해일|류승룡|김무열|문채원|이한위|김구택|이경영|박기웅|이승준|이재구
20110301,이현승,송강호|신세경|천정명|이종혁|김민준|윤여정|송민경|장영남|김뢰하|이솜
20112272,정태원,김수미|신현준|임형준|정준하|탁재훈|현영|정웅인|김지우|정만식|허필봉
20112534,황동혁,정유미|공유|허재호|임현성|최진호|이예나|김현수|장광|전국환|엄효섭
20110613,손영성,박희순|장혁|하정우|허재호|유다인|손인용|최종원|유하준|박혁권|이창훈
20112082,이환경,차태현|김수정|유오성|박하선|백도빈|윤희석|이서이|김광규|김상호|김기천
20111914,허종호,정재영|전도연|오만석|손상현|조서희|조수영|오광록|권혁준|이민영|김재화
20110303,곽경택,정려원|권상우|이미도|장영남|김사희|김민욱|한민혁|서은채|임여문|정진수
20110322,이정향,송혜교|남지현|송창의|송상우|정아미|백현주|박혜진|조미혜|박은진|김현승
20112589,송일곤,소지섭|한효주|강신일|오광록|최욱|윤종화|조성하|진구|김혜진|최재훈
20112695,이한,김윤석|유아인|조병찬|조세현|강별|박효주|김영재|김상호|박수영|김동영
20112552,김상진,김주혁|김선아|정호진|김홍균|조성진|이상화|이미도|이선호|박지연|김효수
20112221,이성한,박성웅|한재석|정성화|송영창|이하늬|마르코|윤택
20113001,라희찬,김수로|박예진|지현우|임원희|박재범|이원신|강다솔|김민상|채효정|이용이
20111928,김병곤,장근석|김하늘|최종훈|강세정|정유미|이진희|강하늘|안길강|홍세희|김유인
20112208,이종석,예지원|나태주|조재현
20112934,박헌수,김영호|김혜선|김산호|윤채이|조성희|김하진|박종호|심산|김대우|김소연
20110612,정용기,공형진|김주혁|이윤지|이시영|오정세|강대영|김형근|조달환|배슬기|조한철
20110906,황병국,엄태웅|주원|정진영|성동일|이태임|김정태|최형준|조재윤|최우형|김영재
20112762,김정환,한예슬|송중기|이상엽|신소율|조하영|황하나|최영인|조성일|김혜린|박정희
20113312,박중구,유동근|윤진서|김정훈|오광록|주영훈|한보름|정상훈|조성하|박충선|송수현
20110295,강제규,장동건|오다기리 죠|판빙빙|강남현|김희원|오태경|김시후|김인우|정홍재|조동혁
20113381,황인호,손예진|이민기|신동훈|조아라|이현진|이미도|황승언|김현숙|김혜숙|박재우
20113260,박희곤,조승우|양동근|최정원|임지훈|김동희|신준호|조찬형|차현우|문용식|최민철
20113636,정용주,엄태웅|정려원|유선|박기웅|이병준|박준영|권해효|이칸희|박성광|조동희
20113743,이석훈,황정민|엄정화|정성화|오나라|박정민|박사랑|안은정|라미란|이대연|이한위
20113535,정지영,안성기|박원상|나영희|김지호|신종훈|김준배|김응수|박길수|한기중|이승훈
20113671,권칠인,이민정|이정진|이광수|서영|김병옥|조우진|안미나|우상기|김해숙|지대한
20100215,한상호,이형석|신용우|구자형
20113811,이경호,태민|써니|윤다훈|최정현
20113951,김달중,김명민|안성기|고아라|최태준|조희봉|이엘|최재웅|조영진|곽진석|임종윤
20113916,전계수,하정우|공효진|김재화|이병준|지진희|유인나|조희봉|조희봉|최유화|전수지
20113557,윤종빈,최민식|하정우|조진웅|마동석|곽도원|김성균|송영창|김종수|권태원|김종구
20113643,한지승,박용우|고아라|손병호|정명숙|최경선|성상배
20110249,유하,송강호|이나영|이태리|임현성|정진|신정근|이민아|조영진|남보라|권태원
20111774,장윤현,주진모|김소연|박희순|유선|손호승|조승연|조덕현|김응수|엄효섭|채현우
20124074,이용주,엄태웅|한가인|이제훈|배수지|고준희|조정석|신예진|유연석|조현철|김의성
20124051,우선호,이범수|류승범|김옥빈|정만식|유다인|고창석|정인기|오정세|배정남|오창경
20124050,변영주,이선균|김민희|조성하|송하윤|차수연|최덕문|이희준|박해준|임남숙|임순옥
20124032,김형준,박희순|박시연|주상욱|김정태|이한위|이광수|박희순|차수연|신현탁|김윤성
20124066,정지우,박해일|김무열|김고은|정만식|이후빈|임민경|김재준|안민영|강덕중
20068590,김지운,류승범|김강우|송새벽|송영창|김규리|고준희|진지희|류승수|윤세아|조윤희
20113554,민규동,임수정|이선균|류승룡|박희본|김지영|남명렬|김도영|이달형|이진희|김도균
20124064,임상수,김강우|백윤식|윤여정|김효진|온주완|권병길|황정민|김응수|정원중|양재준
20110312,김태경,박보영|주원|강별|최대호|전희수|민영|이맑음|이인|박지연|양정원
20124065,신태라,강지환|성유리|이수혁|김영광|신민철|신정근|박정학|이희준|라미란|박보검
20124045,문현성,하지원|배두나|한예리|최윤영|박철민|김응수|오정세|이종석|박영서|박정학
20113532,박철관,고현정|유해진|성동일|이문식|고창석|박신양|김병철|유하복|이원종|남성진
20124055,정승구,송새벽|성동일|김성령|고창석|이병준|한채아|이철민|김종수|이윤희|진선규
20113533,김대승,조여정|김동욱|김민준|조은지|박지영|이경영|박철민|신민철|안석환|오지혜
20124058,김익로,박진영|조성하|민효린|조희봉|오정세|윤미영|김준배|이병준|주광현|한유림
20113391,구자홍,윤제문|송하윤|성준|김희정|이충직
20124034,최동훈,김윤석|김혜수|이정재|전지현|임달화|김해숙|오달수|김수현|이심결|증국상
20125916,김동빈,박한별|김지석|박진주|라미란|박원상|정원|배용근|이종윤|박순철|서원영
20124349,민규동,김현수|노강민|진태현|최윤영|남보라|정은채|배수빈|나영희|김지영|김예원
20124062,박정우,김명민|문정희|김동완|이하늬|강신일|송영창|조덕현|최정우|전국환|정인기
20128271,이근우,하정우|공효진|김성균|이승하|차현우|이지훈|최희서|강신철|한수현|이수인
20124049,김동원,정지훈|유준상|신세경|김성수|이하나|이종석|정경호|오달수|정호빈|박효준
20124063,김홍선,임창정|최다니엘|오달수|조윤희|정지윤|조달환|최일화|허준석|윤상호|손종학
20124080,장규성,주지훈|백윤식|변희봉|박영규|임원희|이하늬|백도빈|김수로|김소현|이림
20124067,김주호,차태현|오지호|민효린|성동일|고창석|송종호|이채영|김길동|김향기|신정근
20125920,김휘,김윤진|마동석|천호진|김성균|김새론|임하룡|장영남|도지한|차현우|한수현
20124400,우민호,김명민|염정아|유해진|변희봉|정겨운|정만식|이승호|오나라|천보근|박진우
20124079,추창민,이병헌|류승룡|한효주|장광|김인권|심은경|김명곤|박지아|이양희|전국향
20124934,김기덕,조민수|이정진|권세인|허준석|권율|손종학|유하복|진용욱|우기홍|강승헌
20124070,육상효,김인권|유다인|조정석|박철민|임하나|유신애|최민|박영수|조경현|차청화
20124054,조성희,송중기|박보영|장영남|유연석|김향기|장서이|이영란|유승목|서동수|남정희
20124917,구혜선,조승우|류덕환|남상미|백도겸|최다니엘|이윤범|신혜정
20124057,방은진,류승범|이요원|조진웅|김윤성|김보라|이석준|임성민|곽민호|권해효|남문철
20129626,허진호,장동건|장쯔이|장백지
20113887,신정원,김수로|강예원|이제훈|곽도원|김윤혜|양경모|이연희|김기천|이상희|김태훈
20113886,임상윤,소지섭|이미연|곽도원|김동준|이경영|한보배|서정주|박진우|배영한|정종열
20088506,조근현,진구|한혜진|임슬옹|배수빈|이경영|장광|이경영|이미도|조덕제|김의성
20127546,정지영,박원상|이경영|오지혜|동방우|김의성|서동수|이천희|김중기|문성근|우희진
20124075,정병길,정재영|박시후|최원영|김영애|배성우|손종학|장광|조은지|류제승|김종구
20124348,김용한,유선|남보라|유오성|동호|권현상|신동미|길해연|곽자형|이해신|전진희
20125406,김진영,박하선|윤상현|박철민|김선영|장광|이찬호|권은수|김해숙|정동철|정연식
20126089,배형준,송지효|김재중|오달수|김성령|한상진|라미란|신동미|유재명|장태성|주민하
20120430,윤학렬,최수종|이수나|기주봉|김정균|이한솔|이후성|임선우|임효순|조정현|최영락
20128687,정용기,정준호|김민정|유동근|성동일|박근형|박상욱|윤두준|황광희|유민|손나은
20124936,변성현,지성|김아중|신소율|강경준|김성오|정수영|문지윤|김보미|지은|최은두
20123161,조성희,송중기|박보영|장영남|유연석|김향기
20124399,정기훈,고수|한효주|마동석|김성오|쥬니|진서연|홍지원|조민기|장원종|전범희
20124039,김지훈,설경구|손예진|김상경|차인표|조민아|김인권|도지한|안성기|이한위|김성오
20127593,이환경,류승룡|박신혜|갈소원|오달수|박원상|김정태|정만식|김기천|조덕현|조재윤
20126583,김성훈,김래원|지대한|이성민|조안|이광수|이민아|이청미|이효선|조선아|최지연
20124935,조진규,박신양|김정태|엄지원|정혜영|김성균|최일화|최지호|김형범|장원종|이충재
20124083,류승완,하정우|한석규|류승범|전지현|이경영|최무성|곽도원|김서형|백승익|배정남
20123681,박영균,이선|이미자|김환진|함수정|홍소영|조현정|정미숙|강승훈|김남희|김은정
20122803,마크 A.Z. 디페,드레이크 벨|앤디 딕|김병만|남보라|류담
20126087,이원석,이시영|오정세|이원종|박영규|김정태|배성우|김준성|김민재|경수진|김영웅
20125990,임순례,김윤석|오연수|한예리|백승환|박사랑|김성균|박진우|김태훈|김영웅|이대연
20128747,박명랑,이제훈|조진웅|곽도원|문소리|김태훈|이승준|고성희|박길수|이나라|김기천
20124401,박훈정,이정재|최민식|황정민|박성웅|송지효|정영기|김홍파|장광|김윤성|최일화
20134407,권호영,김강우|김범|박혁권|이준혁|박성웅|서영화|서현철|유승목|이솜|김기천
20128690,노덕,이민기|김민희|최무성|라미란|박병은|하연수|김강현|장영준|정여진|조치언
20120108,오멸,이경준|홍상표|문석범|양정원|박순동|오영순|장경섭|우성욱|주정애|성민철
20129368,윤종찬,한석규|이제훈|오달수|조진웅|강소라|이재용|배성우|차종호|성유빈|이유준
20123201,최승호,마동석|이승연|민지현|서태화|기주봉|서호철|강미경|김용헌|편보승|정명근
20126671,조동오,신하균|이태리|김상호|조은지|오정세|주현|김의성|정석용|남경읍|김태훈
20125333,강우석,황정민|유준상|이요원|윤제문|정웅인|김태형|성지루|지우|박정민|박진우
20120426,송해성,박해일|윤제문|공효진|윤여정|진지희|김영재|이영진|유승목|박영서|이영진
20127597,남택수,이홍기|마동석|임원희|백진희|전민서|심이영|최권|이민아|곽자형|김상선
20122784,정근섭,엄정화|김상경|송영창|조희봉|정해균|유승목|이준혁|오대환|기주봉|이정환
20128691,정익환,최강희|봉태규|김원해|박사랑|김고은|권해효|김승훈|김서라|이재인|전경수
20121549,이종필,김인권|류현경|김수미|오광록|유연석|이초희|오현경|송해|김환희|최두원
20138712,권영락,이종수|구지성|원기준
20120103,배현지,김창완|배소은|하은설|반민정|최형|탁대성
20129114,김용균,이시영|엄기준|문가영|권해효|김도영|현우|정현태
20136058,민규동,박성웅|이세영|성준|이수혁|백진희|김슬기|정인선|고경표|김지원|우혜진
20126672,장철수,김수현|박기웅|이현우|손현주|신정근|박혜숙|김성균|고창석|장광|홍경인
20122783,김병서,설경구|정우성|한효주|진경|이준호|임달화|손민석|김대진|이태형|이동휘
20136052,김병우,하정우|이경영|전혜진|이다윗|김홍파|김대명|최진호|김소진|강진아|강신철
20124082,김용화,서교|성동일|김예원|조재윤|변희봉|김인우|김희원|김고은|이양희|김응수
20124937,김성수,장혁|수애|박민하|남문철|유해진|이희준|김기현|이상엽|박효주|박정민
20126674,봉준호,크리스 에반스|송강호|에드 해리스|존 허트|틸다 스윈튼|제이미 벨|옥타비아 스펜서|이완 브렘너|고아성|알리슨 필
20136049,허정,손현주|문정희|전미선|백종우|김수안|김원해|노수산나|정준원|성유빈|정민성
20126091,한재림,송강호|이정재|백윤식|조정석|이종석|김혜수|이도엽|김의성|김강현|김태우
20124086,이승준,설경구|문소리|다니엘 헤니|고창석|한예리|오대환|라미란|서승인|이대수|이성제
20129606,국동석,손예진|김갑수|임형준|이규한|조안|유원선|이선아|장루비|최단비|함채영
20123381,안권태,유아인|김해숙|정유미|김정태|김성오|이시언|신정근|김인우|장태성|이도겸
20138223,조용선,서인국|이종석|권유리|박철민|박정철|신민철|김재영|선우재덕|서준원|송병준
20122785,하정우,정경호|한수현|최규환|김기천|김병옥|김성균|강신철|고성희|김재영|김선경
20123384,김제영,천정명|김민정|이동휘|이미도|한보름|지대한|김성은|유인영|우상기|유재상
20134124,신연식,이준|서영희|강신효|서범석|이화시|오광록|마동석|양동근|김형준|기주봉
20134582,이준익,설경구|엄지원|이레|김해숙|김상호|라미란|양진성|권태원|이승택|하진
20122786,신동엽,양동근|주상욱|이태임|김지은|한유미|전국환|손강국|김권|장태성|반민정
20120428,박중훈,엄태웅|김민준|소이현|김준성|강성진|유지연|우기홍|김기천|양도현|이금희
20123383,장준환,여진구|김윤석|조진웅|장현성|김성균|박해준|임지은|남지현|유연석|이준혁
20136061,홍지영,김강우|김효진|주지훈|이연희|옥택연|마동석|구잘 투르수노바|이희준|고준희|정민주
20134801,정연식,김선아|마동석|정인기|이청아|박효주|온주완|신정근|김현수|오만석|유종성
20127595,박홍수,최승현|한예리|윤제문|조성하|김유정|동현배|정호빈|이주실|이신성|박지일
20131245,히즈엠티 선교회,양동근|정준|김유미|박수용|김효식
20124402,김현석,정재영|김옥빈|최다니엘|이대연|박철민|신다은|오광록|김중탁|이시연|김정우
20110881,이덕희,임창정|안내상|정성화|손은서|방준호|지대한|전국환|김기훈|김윤영|김진용
20137044,곽경택,유오성|주진모|김우빈|이준혁|장영남|이철민|기주봉|정호빈|지승현|황성준
20134803,양우석,송강호|김영애|오달수|곽도원|임시완|송영창|정원중|조민기|이항나|이성민
20124938,원신연,공유|박희순|조성하|유다인|김성균|조재윤|김민재|김의성|송재림|최종률
20134123,방은진,전도연|고수|류태호|조승연|최민철|허준석|배성우|이동휘|오연아|박지일
20139981,이현종,김아중|주원|강남현|김영주|배성우|강덕중|이상훈|김사희|김희원|박은영
20137043,한동욱,황정민|한혜진|곽도원|최우리|정만식|손세빈|김정수|김병옥|김홍파|남일우
20136800,피터 레페니오티스,윌 아넷|브렌든 프레이저|리암 니슨|캐서린 헤이글|싸이(박재상)
20131102,황동혁,심은경|나문희|박인환|성동일|이진욱|김현숙|황정민|김슬기|박형우|진영
20126090,박제현,하지원|강예원|가인|고창석|주상욱|최성민|박동빈|하용진|강민호|이유준
20138224,성시흡,정재영|한지민|박진우|박진주|성기욱|김지영|김지훈|장광|박길수|유승목
20139881,이연우,박보영|이종석|이세영|김영광|신현탁|이은정|김지혜|김하경|박정민|라미란
20130561,권칠인,엄정화|문소리|조민수|이경영|이성민|이재윤|최무성|진선규|권해효|백동훈
20122787,김태윤,박철민|김규리|윤유선|박희정|유세형|이경영|정진영|김영재|김선영|강진아
20136043,김진무,김인권|홍경인|기주봉|안병경|최규환|최규환|조덕제|김재화|이정민|김은혜
20139401,김광식,김강우|고창석|박성웅|정진영|이준혁|이채은|진선규|김의성|고원희|박형수
20136060,황인호,이민기|김고은|김뢰하|배진웅|안서현|윤진하|박병은|김부선|이현빈|허준석
20138226,이한,김희애|고아성|김유정|김향기|유아인|강다영|박지영|이재구|김민아|김지훈
20134585,김태균,장혁|조보아|선우선|이도아|손희순|박정희|박진영|박현준|장재원|유지연
20129787,이정호,정재영|이성민|서준영|이주승|김현|김홍파|김대명|정석용|박명신|이수빈
20124047,김명균,윤시윤|여진구|천호진|박상면|이원종|이경영|이병준|김보미|박효준|김지연
20139183,이재규,현빈|정재영|조정석|한지민|조재현|박성웅|김성령|정은채|석현|송영창
20139164,창,류승룡|유준상|이진욱|김성령|조여정|조은지|김대명|김동준|이현욱|장준녕
20134122,이수진,천우희|정인선|김소영|김현준|민경진|이영란|유승목|손슬기|조대희|권범택
20130442,김성훈,이선균|조진웅|신정근|정만식|신동미|김동영|박보검|주석태|허정은|김보경
20134586,정주리,배두나|김새론|송새벽|박진우|손종학|공명|이호현|서영제|조유진|윤은지
20133322,김대우,송승헌|임지연|설유진|조여정|온주완|유해진|김정현|전혜진|배성우|손지나
20133641,장률,박해일|신민아|신민아|김태훈|신소율|윤진서|이나라|김수안|최배영|이나라
20132482,이정범,장동건|김민희|민성욱|김성오|김원범|김준성|박병은|전배수|이영란|김희원
20136062,장진,차승원|오정세|이솜|김병옥|고경표|이상화|이언정|민준호|송영창|이엘
20134591,박상준,이민기|박성웅|이태임|박진우|김진혁|유재명|한재영|이유준|장한새|박재영
20123501,윤종빈,하정우|강동원|조진웅|마동석|정만식|김성균|주진모|이경영|이성민|윤지혜
20129370,김한민,최민식|류승룡|조진웅|김명곤|진구|이정현|권율|노민우|이승준|오타니 료헤이
20149511,안병기,박한별|신지뢰|장정정
20147931,오인천,강하늘|김소은|김정태|한혜린|박두식|이아현|전소연|이승현|김재화|박충선
20139201,조범구,정우성|안성기|이범수|김인권|이시영|안길강|최진혁|강다혜|유재상|유순철
20148745,이도윤,지성|주지훈|이광수|최병모|최진호|박상현|한도진|강봉성|최현희|이승우
20134082,심성보,김윤석|박유천|한예리|이희준|문성근|김상호|유승목|기주봉|권병길|예수정
20136064,이석훈,김남길|손예진|신정근|유해진|이경영|오달수|김태우|박철민|김원해|조달환
20134594,이재용,송혜교|강동원|조성목|백일섭|황석정|허준석|김소진|채서진|서현|김승욱
20134804,강형철,최승현|신세경|곽도원|유해진|김윤석|이하늬|김인권|이경영|고수희|오정세
20148626,이해준,설경구|박해일|윤제문|이병준|류혜영|김철환|이규형|민경진|이준혁|배성우
20147930,임찬상,조정석|신민아|윤정희|김은비|배성우|라미란|황정민|서강준|고규필|손병욱
20139964,박범수,윤계상|고준희|오정세|조달환|황찬성|신지수|장래군|허진|이미도|안재홍
20136863,임필성,정우성|이솜|김희원|이창훈|박서연|윤세아|박소영|박팔영|손지연|어주선
20148927,신재영,정경호|정유미|김새론|최덕문|김재화|성유빈|서현우|조달환|강덕중|윤찬영
20135386,김영탁,차태현|남상미|오달수|고창석|진경|김강현|최성원|이준혁|박명신|이화겸
20148842,장진,김성균|조진웅|윤진이|이철민|이해영|조복래|차은재|이한위|배성일|김원
20141028,마우리시오 드 라 오르타,심규혁|조성목|김현지|양세나|남도형|안장혁|김기철|이상헌|김무규
20134589,임순례,박해일|유연석|이경영|박원상|류현경|송하윤|김강현|김수안|김중기|이봉규
20141111,진모영,조병만|강계열
20134590,최호,이정재|신하균|이성민|보아|김의성|손호준|김종선|배성우|최우식|김윤성
20136312,김덕수,김상경|문정희|채정안|조재윤|방민아|남보라|이동규|이정희|장원재|정찬우
20136802,부지영,염정아|문정희|김영애|김강우|이승준|도경수|김수안|지우|황정민|송지인
20147129,오기환,주원|최진리|안재현|박세영|김성오|김한나|이일화|이동휘|민진웅|이수광
20130574,김성호,김혜자|이레|최민수|강혜정|이천희|이지원|홍은택|김도엽|김재화|이기영
20137048,윤제균,황정민|김윤진|오달수|정진영|장영남|라미란|김슬기|정영기|맹세창|박재우
20149265,김홍선,김우빈|김영철|고창석|이현우|조윤희|임주환|조달환|지승현|허준석|김사희
20134588,전형준,윤상현|송새벽|이아이|황찬성|이광수|김지민|박충선|김기석|김민경|김주연
20147176,이원석,한석규|고수|박신혜|유연석|박소담|배성우|이유비|신소율|조달환|허성태
20136888,유하,이민호|김래원|정진영|설현|유승목|한재영|이연두|정호빈|최진호|엄효섭
20148553,문제용,이민기|여진구|유오성|김정태|김기천|신구|송영창|박충선|박두식|한혜린
20142407,박진표,이승기|문채원|이서진|이경진|류화영|김광규|김부선|가인|임종윤|남능미
20147947,정범식,조여정|클라라|김태우|배성우|라미란|김영옥|김보연|오나라|김기천|조재윤
20131262,하정우,하정우|하지원|전혜진|장광|주진모|성동일|이경영|김영애|정만식|조진웅
20148188,김현석,김윤석|정우|한효주|김희애|진구|장현성|강하늘|조복래|김인권|이미소
20149570,김석윤,김명민|오달수|이연희|조관우|정원중|최무성|우현|황정민|김원해|박수영
20156441,이영준,엄상현|전태열|신용우
20148461,손용호,김상경|김성균|박성웅|윤승아|조재윤|김의성|기주봉|홍성덕|오대환|임종윤
20141602,홍석재,변요한|이주승|하윤경|류준열|오희준|박근록|이강욱|배유람|전신환|엄기성
20136063,안상훈,신하균|장혁|강한나|강하늘|양영조|손병호|최무성|기주봉|이재용|문영동
20148845,이병헌,김우빈|이준호|강하늘|오현경|정소민|이유비|정주연|정덕희|주창욱|권지훈
20148841,신한솔,김수미|정만식|김정태|이태란|이성민|이영은|박준금|홍성덕|조영진|장원영
20100211,존 카프카,멜라니 그리피스|제인 린치|윌리엄 볼드윈|스티븐 볼드윈|롭 슈나이더|유리 로웬탈
20156321,조치언,김인권|박철민|이주실|박혜진|장소연|김기연|김형범|조민기|강일수|박지윤
20143512,김진영,진세연|홍종현|김응수|신정근|박은혜|이철민|김선영|도기범|임수연|정명호
20140703,강제규,박근형|윤여정|조진웅|한지민|윤여정|황우슬혜|문가영|찬열|이준혁|김재화
20149266,한준희,김혜수|김고은|엄태구|박보검|고경표|이수경|조현철|기주봉|오대환|배유람
20133682,임권택,안성기|김규리|김호정|연우진|김병춘|김기천|안석환|주현|박혜미|윤종호
20142402,민규동,주지훈|김강우|천호진|임지연|이유영|송영창|차지연|기주봉|장광|류아벨
20130566,오승욱,김남길|전도연|박성웅|곽도원|강태영|박지환|수정|김민재|정재웅|조민지
20149569,백운학,손현주|마동석|최다니엘|박서준|이명준|정원중|한수현|지대한|이준혁|이태호
20149062,김아론,오지호|강예원|최령|오민석|주병하|이종호|이혜란|박지환|정우일|정현진
20141224,이해영,박보영|엄지원|박소담|공예지|주보비|박성연|심희섭|고원희|박주희|박성연
20148855,곽경택,김윤석|유해진|송영창|장영남|정호빈|이준혁|이윤희|남문철|조민준|박효주
20142856,임상수,류승범|고준희|류현경|샘 오취리|김응수|정원중|양익준|김주혁|동하|이정배
20136057,김성제,윤계상|유해진|김옥빈|이경영|장광|권해효|김의성|조복래|김종수|박충선
20134798,김학순,김무열|진구|이현우|이완|이한종|송재호|박정학|이철민|장의수|한이진
20136869,윤재구,임수정|유연석|곽민호|이경영|박철민|진경|민도희|이마붑|신용훈|조희성
20140241,노나카 카즈미,엄상현|시영준|안장혁|정주원|안효민|이경태|이경태
20148844,김광태,류승룡|이성민|천우희|이준|도기범|정경호|김정영|박시연|이민지|백승호
20141060,김상진,김동욱|임원희|손호준|윤제문|류현경|심은진|양주호|이채영|전은진|정승민
20148851,최동훈,전지현|이정재|하정우|오달수|조진웅|이경영|최덕문|김의성|박병은|김홍파
20143513,강효진,엄정화|송승헌|김상호|라미란|서신애|이승호|고수희|황석하|정지훈|조덕제
20148048,류승완,황정민|유아인|유해진|오달수|장윤주|김시후|오대환|정웅인|정만식|송영창
20143572,백,한효주|김대명|도지한|배성우|박신혜|이범수|박서준|김상호|천우희|우에노 주리
20155826,신동엽,임창정|최다니엘|나현정|임은경|김지은|장광|이경영|문제영|정한비|조원재
20158481,김휘,김성균|유선|천호진|차예련|김혜성|임화영|윤지민|김소진|이주실|김기천
20130021,박흥식,이병헌|전도연|김고은|이경영|김태우|이준호|배수빈|문성근|김수안|성유빈
20148846,이준익,송강호|유아인|문근영|전혜진|김해숙|박원상|진지희|박소담|서예지|김민규
20140193,천성일,설경구|여진구|이경영|정성화|정인기|김원해|정석원|김선영|조희봉|이수빈
20143511,홍원찬,고아성|박성웅|배성우|김의성|류현경|이채은|오대환|박정민|최병모|기주봉
20156557,김정훈,권상우|성동일|박해준|이승준|조복래|서영희|최성원|홍은택|이해영|지대한
20143510,권형진,마동석|조한선|김민경|지안|윤주|이정원|최선주|하태웅|김동현|권범택
20157465,윤준형,주원|유해진|이유영|류혜영|서현우|이준혁|김민서|장인섭|손지나|민성욱
20157464,김봉주,손현주|엄지원|배성우|이철민|노정의|장인섭|조달환|황석정|김성종|권지훈
20145501,권오광,이광수|이천희|박보영|장광|이병준|김희원|강봉성|강진아|임성미|정인기
20149961,전윤수,지진희|김성균|성유리|이계인|김영철|곽지혜|서강준|김수연|김원진|유혜인
20156553,이동하,성동일|김유정|손호준|임형준|서예지|진경|남일우|김동현|김동현|김요한
20142855,허종호,이선균|김고은|임원희|장현성|최재웅|김윤혜|홍성덕|배유람|박지영|민진웅
20145504,노덕,조정석|이미숙|이하나|김의성|배성우|김대명|태인호|김민재|손지나|백현진
20145503,장재현,김윤석|강동원|박소담|김병옥|김의성|이호재|남일우|손종학|조수향|민진웅
20149314,우민호,이병헌|조승우|백윤식|이경영|김홍파|배성우|조재윤|김대명|조우진|이엘
20140144,이종필,류승룡|배수지|송새벽|김남길|이동휘|안재홍|김태훈|조정숙|황태양|김은지
20156748,정기훈,정재영|박보영|오달수|배성우|류덕환|류현경|진경|윤균상|유하복|이규형
20157501,하기호,윤계상|한예리|박효주|조복래|박병은|정수영|이지훈|김의성|조영균|김수정
20150025,우민호,이병헌|조승우|백윤식|이경영|김홍파|배성우|조재윤|김대명|조우진|이엘
20145171,박훈정,최민식|정만식|김상호|성유빈|오스기 렌|정석원|김홍파|라미란|이나라|정지소
20156807,박영균,이선|이미자|함수정|홍소영|정미숙|김서영|김환진|엄상현|홍범기
20144442,김대승,유승호|고아라|곽도원|조윤희|이경영|박철민|손병호|조달환|장유상|임종윤
20136068,이석훈,황정민|정우|조성하|김인권|라미란|김원해|이해영|전배수|유선|정유미
20068576,조규장,문채원|유연석|조재윤|김슬기|이해영|이연두|박민우|인교진|김정희|이창해
20150566,류정우,
20142641,이윤정,정우성|김하늘|임주은|배성우|장영남|조이진|허진|이준혁|온주완|권해효
20157466,이호재,이성민|이희준|이하늬|김원해|채수빈|심은경|곽시양|이영진|전국환|류준열
20158483,이한,임시완|고아성|이희준|김현빈|이준혁|정준원|이레|김영재|이건하|탕준상
20145507,이일형,황정민|강동원|이성민|박성웅|김응수|신소율|주진모|김원해|김홍파|김병옥
20161364,조정래,손숙|강하나|최리|임성철|정무성|류신|서미지|정인기|오지혜|김시은
20145502,이윤기,전도연|공유|이미소|정선경|윤세아|김혜옥|박민지|민무제|강신철|전준호
20158482,이준익,강하늘|박정민|김인우|최홍일|김정팔|최희서|신윤주|이선주|민진웅|문성근
20150903,조근현,정현진|루나|박중금
20151021,이은희,도경수|김소현|연준석|이다윗|주다영|박용우|박해준|김지호|이대연|황석정
20150977,박현진,이미연|최지우|김주혁|유아인|강하늘|이솜|하석진|지윤호|한재영|이승연
20159657,이영준,엄상현|양정화|전태열
20159643,최정열,지수|김준면|류준열|김희찬|김동완|김종수|문희경|유하복|이주실|허준석
20145396,모홍진,심은경|윤제문|김성오|오태경|정해균|안재홍|김원해|강동하|지대한|김서라
20150902,석민우,오달수|윤제문|이경영|진경|조남희|구용완|강신일|최병모|박지환|박호산
20162381,고문안,이지형|설지윤|서광재|오우철|차영우
20162431,박정오,이소은|박정오
20152782,이철하,강예원|이상윤|최진호|지대한|김종수|이학주|장태성|유건|길해연|조재윤
20142621,곽재용,임수정|조정석|이진욱|정진영|이기우|온주완|전신환|이태리|신지수|허정도
20159641,남대중,류덕환|김동영|안재홍|전노민|전미선|우지원|장원식|양정인|조우진|유정래
20145506,박흥식,한효주|유연석|천우희|박성웅|장영남|이한위|류혜영|김수안|장인섭|차지연
20156559,창,윤여정|김고은|김희원|신은정|최민호|류준열|양익준|박민지|남태부|강경탁
20140194,나홍진,곽도원|황정민|쿠니무라 준|천우희|김환희|허진|장소연|김도윤|손강국|전배수
20162704,손석우,여민정|양정화|이수진
20162461,이동희,정준하|하동훈|송지우
20143509,조근식,차태현|빅토리아|배성우|후지이 미나|최진호|송옥숙|정종준|박재민|장봉영|정수련
20142406,조성희,이제훈|김성균|박근형|정성화|고아라|노정의|김하나|유승목|김하나|이민웅
20150972,김태곤,김혜수|마동석|김현수|김용건|서현진|곽시양|전석호|황미영|이수경|안재홍
20158242,민규동,임슬옹|경수진|박정민|홍은희|차지연|김수안|이재인|민무제|이대연|로몬
20140704,이경미,손예진|김주혁|신지훈|김소희|최유화|최은영|장재우|장한승|이민아|이상희
20154906,이우철,안성기|조진웅|한예리|권율|손현주|박병은|예수정|차순배|허준석|조대희
20144444,박찬욱,김민희|김태리|하정우|조진웅|김해숙|문소리|김인우|이용녀|최병모|조은형
20159645,권종관,김명민|김상호|성동일|김영애|김향기|김뢰하|박수영|박혁권|최병모|오민석
20159644,박대민,유승호|조재현|고창석|라미란|시우민|전석호|서예지|권태원|연우진|김정화
20156564,연상호,공유|정유미|마동석|김수안|최우식|안소희|김의성|예수정|박명신|허성우
20156250,이재한,이정재|이범수|리암 니슨|진세연|정준호|박철민|김병옥|이창세|박정원|션 리차드
20158982,이창열,이정진|강예원|김태훈|선동혁|이희진|장윤정|한성식|박정환|조호성|주민구
20150968,김종현,수애|오달수|오연서|하재숙|김슬기|김예원|진지희|이봉련|조희봉|김응수
20150979,허진호,손예진|박해일|윤제문|라미란|정상훈|박수영|김소현|박주미|안내상|김재욱
20148460,연상호,류승룡|심은경|이준|오윤석|서호철|이상희|연상호|연상호|연상호|연상호
20165961,이원재,변현우|김지혜|박조호|서지연|남도형|홍진욱|김승태|오인성|유지현|이세은
20150901,채두병,신하균|박희순|오만석|유다인|변준석|장성범|전배수|이형섭|양희선|이현주
20154910,김성훈,하정우|배두나|오달수|김종수|조현철|이동진|배유람|임한빈|정민희|송민석
20159648,강우석,차승원|유준상|김인권|남지현|한희경|신동미|남경읍|태인호|공형진|김종수
20166541,김현주,김서영|이하늬|권율|김슬기|신용우|이장원|시영준|이상범|이현|강시현
20159646,김지운,송강호|공유|한지민|츠루미 신고|엄태구|신성록|서영주|정유안|이수광|고준
20153443,김성수,정우성|황정민|주지훈|김현빈|곽도원|정만식|김원해|김종수|김해곤|윤지혜
20151022,백승화,심은경|박주희|김새벽|허정도|윤지원|안승균|김광규|김정영|안재홍|이재진
20153444,이계벽,유해진|이준|조윤희|임지연|전혜빈|이동휘|고준|차엽|이성욱|정희태
20162545,전인환,김원명|노무현
20163041,최승호,최승호
20161589,이재용,윤여정|전무송|윤계상|예수정|서현우|김한나|박성진|윤효진|김혜윤|임용순
20150564,이두환,류덕환|조복래|이수빈|박형서|조동혁|이규섭|조혜원|정순원|박윤호|정성일
20154905,엄태화,강동원|신은수|이효제|김희원|권해효|김단율|정우진|엄태구|박종환|배영한
20160472,이성태,마동석|최민호|이유진|박예림|김기현|김형주|양희정|박호산|박성일|서호철
20153741,이언희,엄지원|공효진|서하늬|고준|김선영|이성욱|박해준|강태수|김광호|김석태
20163521,최국희,유지태|이정현|이다윗|정성화|조선묵|김지은|김태훈|신민수|윤수현|이정주
20154661,권수경,조정석|도경수|박신혜|이연수|김강현|권지훈|김승아|김진희|강두|정지훈
20152371,홍지영,김윤석|변요한|채서진|김상호|안세하|박혜수|김호정|김효진|김성령|정인기
20161725,조의석,이병헌|강동원|김우빈|엄지원|오달수|박해수|진경|김정우|우도환|배정남
20155223,송민규,하지원|천정명|진백림|윤소희|오정세|송민정|조병규|정다원|정다원|이동욱
20144641,박정우,김남길|김영애|문정희|정진영|이경영|강신일|김대명|유승목|김주현|김명민
20151228,김성훈,현빈|유해진|김주혁|장영남|이해영|임윤아|이동휘|박형수|공정환|엄효섭
20151229,한재림,조인성|정우성|배성우|류준열|김의성|이석호|김민재|정성모|정은채|김소진
20150966,주지홍,차태현|김유정|서현진|박근형|선우용녀|성동일|배성우|임주환|김윤혜|오나라
20151181,김태용,김하늘|유인영|이원근|이희준|홍완표|이기우|박시영|임상현|전현준|이다영
20163845,김석원,소연|윤아영|신용우|장광|강호철|안영미|윤미나|이재현
20156562,김준성,고수|설경구|박유천|강혜정|박인환|천호진|이석|전석호|이시아|김강훈
20161723,이주영,이병헌|공효진|안소희|백수장|최준영|진남수|장요한|최병구|이상원|연송하
20166421,김태윤,정우|강하늘|김해숙|이동휘|한재영|이경영|박희정|이정은|김소진|김하나
20150964,박광현,지창욱|심은경|안재홍|오정세|김상호|김민교|김기천|이하늬|김슬기|권태원
20158799,이나정,김영옥|김향기|김새론|조수향|서영주|장영남|이승연|이승연|김미향|박윤호
20179442,홍상수,김민희|정재영|서영화|권해효|송선미|문성근|안재홍|박예주|신선|공민정
20167902,김봉한,손현주|장혁|김상호|라미란|조달환|지승현|오연아|강현구|이유진|주석태
20167905,김덕수,강예원|한채아|조재윤|김민교|김성은|남성진|동현배|남궁민|이정민|곽자형
20151230,양경모,임시완|진구|박병은|이동휘|김선영|박종환|왕지원|박유환|안세하|조우진
20162181,나현,한석규|김래원|정웅인|조재윤|신성록|곽민호|이재균|차엽|김승훈|전배수
20150971,이수연,조진웅|신구|김대명|송영창|이청아|윤세아|이강재|박희정|서수민|이재은
20174165,고동우,하룡이|신경선|이현|안효민|윤민영|박연미|이혜림|이호승|임은경|박지연
20173301,홍현정,윤안나|안은새|정혜윤|이윤지|강다연|도세진|민주홍|박사라|이상운|진미혜
20161923,임대웅,김윤진|옥택연|조재윤|이한위|박준면|백도빈|고우림|이양희|박상훈|김나연
20151227,김형협,윤제문|정소민|이일화|신구|이미도|강기영|박혁권|허가윤|민도희|이유진
20167901,이윤기,김남길|천우희|전유림|이승연|민무제|이수인|박희본|정순원|신영진|이미소
20161726,문현성,이선균|안재홍|김희원|주진모|장영남|경수진|정해인|조영진|김응수|박정민
20162871,박인제,최민식|곽도원|심은경|문소리|라미란|류혜영|이기홍|진선규|이수경|서이숙
20174602,이창재,노무현|이상호
20169348,정윤철,이정재|여진구|김무열|이솜|박원상|배수빈|김명곤|박해준|박지환|윤성민
20162722,김형주,이성민|조진웅|김성균|김종수|조우진|임현성|배정남|이정은|손여은|김재영
20164844,변성현,설경구|임시완|김희원|전혜진|이경영|김성오|문지윤|박수영|최준영|최병모
20156708,김휘,고수|김주혁|문성근|박성웅|임화영|한지은|황인아|임태훈|전민|신영진
20173061,임아론,김태균|최정현|최낙윤|남도형|윤용식|김성연|박상호|장현주
20159647,이사랑,김수현|성동일|이성민|최진리|조우진|이경영|김홍파|정인겸|최권|한지은
20178982,이준익,이제훈|최희서|김인우|권율|민진웅|이병훈|김준한|최정헌|백수장|정준원
20162343,정병길,김옥빈|신하균|성준|김서형|조은지|이승주|정해균|박철민|손민지|민예지
20166384,조선호,김명민|변요한|유재명|조은형|신혜선|박정민|김영성|윤정로|김선경
20161481,류승완,황정민|소지섭|송중기|이정현|김수안|이경영|장성범|백승철|윤경호|김인우
20179187,최승호,이명박|김재철|김장겸|고대영
20166132,이상호,김광석|이상호|신종민|안철호
20179407,이덕희,임창정|공형진|정상훈|박희진|장광|지웅배|사우|박예슬|박우준|박은지
20164174,박훈정,장동건|김명민|박희순|이종석|오대환|유재명|강소백|임보라|박재웅|박준서
20151003,허정,염정아|박혁권|허진|신린아|방유설|이준혁|이주원|노수산나|김수안|이달
20162442,김주환,박서준|강하늘|성동일|박하선|고준|이호정|서정연|정원중|김강현|최홍일
20162869,장훈,송강호|토마스 크레취만|류준열|유해진|박혁권|최귀화|이정은|차순배|이봉련|류성현
20154909,원신연,설경구|김남길|설현|오달수|김정영|김혜윤|최유송|정인겸|이병준|이현명
20174142,김현석,나문희|이제훈|박철민|염혜란|성유빈|김소진|이상희|정연주|이지훈|손숙
20171923,최진성,주진우|주진우
20165450,황동혁,이병헌|김윤석|박해일|고수|박희순|조우진|허성태|곽자형|박지일|이민배
20171817,캘런 브런커,윌 아넷|캐서린 헤이글|성룡|이사벨라 머세드
20164424,이원태,조진웅|송승헌|정만식|정진영|신정근|유승목|정규수|이서원|곽동연|전배수
20172742,강윤성,마동석|윤계상|조재윤|최귀화|김성규|유지연|진선규|허동원|박지환|허성태
20175208,장재혁,박효신|정재일|에드가 킨테로
20154907,곽경택,김래원|김해숙|성동일|전혜진|장영남|이지원|오대환|현봉식|전광진|박은혜
20168754,이용승,신하균|도경수|김동영|김종수|김종구|박수영|전석호|황정민|정희태|김도윤
20173581,장항준,강하늘|김무열|문성근|나영희|배성일|남명렬|이나라|최고|박윤식|박재영
20165748,장창원,현빈|유지태|배성우|박성웅|나나|안세하|최덕문|허성태|차순배|전보람
20161681,이안규,김혜수|이선균|이희준|최무성|김민석|오하늬|여이레|박주연|권율|박상규
20161762,김홍선,백윤식|성동일|천호진|배종옥|조달환|김혜인|손종학|이칸희|박지현|이정은
20172603,장유정,마동석|이동휘|이하늬|허성태|송상은|서현철|김강현|배준수|석정호|신은영
20175441,조영준,고두심|김성균|유선|박철민|김희정|신세경|박세준|박소정|마현|박소연
20169643,정지우,최민식|박신혜|류준열|이하늬|박해준|조한철|이수경|박형수|박성희|박태강
20170590,장준환,김윤석|하정우|유해진|김태리|이희준|박희순|서현우|박지환|이화룡|이창훈
20170402,양우석,정우성|곽도원|김갑수|김의성|이경영|조우진|정원중|김명곤|박은혜|김지호
20174846,윤제완,이선|이미자|함수정|홍소영|정미숙|김서영|김환진|엄상현
20150976,김용화,하정우|차태현|주지훈|김향기|김동욱|오달수|임원희|도경수|이준혁|예수정
20168161,홍기선,김상경|김옥빈|최무성|최귀화|김병철|이지원|서현우|김민정|김민기|권태원
20176104,최성현,이병헌|윤여정|박정민|김성령|최리|백현진|김서원|한지민|이주영|이가경
20177473,이성재,박인환|신구|임현식|윤덕용|김인권|이채은|이나라|최선자|성병숙|양서연
20168323,연상호,류승룡|심은경|박정민|김민재|정유미|예수정|이정은|김기철|태항호|이우룡
20189663,신재호,정려원|임창정|정상훈|김도훈|이경영|이문식|한이진|최윤슬|윤송아|김경룡
20168250,노동석,강동원|김의성|한효주|김성균|김대명|박다은|유재명|김재영|조영진|김건
20150969,홍창표,심은경|이승기|김상경|연우진|강민혁|최우식|조복래|박선영|강현우|김서현
20170841,임순례,김태리|류준열|문소리|진기주|김호|전국향|장재희|정준원|홍성덕|이광용
20179205,김석윤,김명민|오달수|김지원|김범|김태윤|김정화|김건|윤상훈|이민기|현우
20176121,조근현,정우|김주혁|정진영|김원해|정상훈|정해인|곽동연|천우희|강하늘|진구
20154908,추창민,류승룡|장동건|송새벽|고경표|이레|탕준상|이상희|서현우|전배수|최광일
20180804,정범식,위하준|박지현|오아연|문예원|이승욱|류제윤|박성훈|이주원|정아노마
20181366,이영준,엄상현|전태열|이소영|신용우|이민규|이소영
20178781,이창희,김상경|김강우|김희애|서현우|이민지|이지훈|최윤석|김지영|경수진|이윤재
20173962,전고운,이솜|안재홍|김예은|최덕문|조수향|강진아|이성욱|김국희|김민경|박지영
20170669,이장훈,소지섭|손예진|김선웅|김지환|고창석|이유진|김현수|배유람|이준혁|서정연
20172244,김제영,박해진|오연서|박기웅|유인영|오종혁|박산다라|문지윤|김현진|이우동|이채민
20182352,김지영,정우성|김지영|이주용|장동원|박종대|김도연|김도영|김어준
20177266,이한욱,이유영|김희원|김다미|김희원|오하늬|이학주|고규필|손강국|장혁진|윤희정
20181561,방수인,이순재|정지훈|체리쉬 마닝앗|장광|성병숙|차순배|박지윤|윤송아|전소현|류성현
20165045,허준형,김무열|박희순|이경영|전광렬|임원희|오정세|김민교|이익준|이소희|이신영
20153447,이병헌,이성민|신하균|송지효|이엘|장영남|고준|김건|양현민|서성원|이주한
20182021,김지열,서홍석|유수호|최오식|이상철|김수미|김수미
20167007,김진묵,지현우|오만석|이나라|김학철|조은지|강현욱|이유준|최홍일|김정수|이지훈
20173865,고경민,남규리|이천희|이규한|김수영|정경호|동현배|김재범|조한선|서정욱|서지원
20179383,이해영,조진웅|류준열|김주혁|김성령|박해준|차승원|진서연|이주영|서현우|강승현
20177005,김대웅,유해진|이성경|김민재|나문희|성동일|진경|황우슬혜|박규영|이한서|현봉식
20173202,이창동,유아인|스티븐 연|전종서|문성근|김수경|이고운|이수정|배민정|이승호|이영석
20189783,김용완,마동석|권율|한예리|김미미|이범규|김건|양현민|오창경|오승환|김동현
20185341,박훈정,김다미|조민수|박희순|최우식|김하나|정다은|김기훈|최정우|고민시|오미희
20184101,이경섭,김환희|김준면|정다빈|이종혁|정다빈|유재상|정다은|김현빈|유수아|정다은
20178161,이언희,권상우|성동일|김수영|김승필|이광수|이일화|남명렬|손담비|최성원|박성일
20172469,민규동,김희애|김해숙|예수정|문숙|이용녀|김준한|이유영|김선영|이설|최병모
20188042,이해영,조진웅|류준열|김주혁|김성령|박해준|차승원
20174369,이준익,박정민|김고은|장항선|고준|신현빈|정규수|김준한|배제기|최정헌|한별
20180282,최상훈,소주연|김민규|김영|최희진|박진|고나은|김태민|진용욱|이한서|이유미
20185242,김병갑,조현정|김영은|김채하|신용우|여민정|심규혁|이상호|이소은|정유정|김율
20170942,김지운,강동원|한효주|윤호림|정우성|김무열|최민호|한예리|신은수|정원중|최진호
20179101,윤종빈,황정민|이성민|조진웅|주지훈|김지나|김소진|양현민|정기섭|김응수|최병모
20186501,김진철,이지현|김용준|양정화|홍범기|엄상현|사문영|위훈|민응식|신용우|안소이
20153446,이석근,박보영|김영광|강기영|장성범|고규필|서은수|차엽|안길강|배해선|전배수
20170670,조규장,이성민|김상호|진경|곽시양|김수영|김상호|황영희|이민웅|이상희|정유민
20177537,변혁,박해일|수애|윤제문|라미란|이진욱|김규선|한주영|박성훈|장혁진|강기영
20186202,김용화,하정우|주지훈|김향기|마동석|김동욱|도경수|이준혁|정지훈|김동욱|조한철
20189746,정미화,전태열|엄상현|홍소영|정영웅|김은아|박선영|김은아|홍진욱|천지선|이민규
20172204,박희곤,조승우|지성|김성균|백윤식|문채원|유재명|박충선|이원근|김민재|강태오
20156554,허종호,김명민|김인권|이혜리|최우식|김용호|박성웅|박희순|이경영|강태영|조원희
20176122,김광식,조인성|남주혁|박성웅|김동진|배성우|엄태구|설현|박병은|오대환|성동일
20167903,조원희,마동석|김영광|이유영|김선웅|최유리|차래형|김정수|이승창|이영석|서정훈
20177308,이종석,현빈|손예진|김상호|장영남|장광|조영진|이주영|박수영|이학주|박형수
20189067,이지원,한지민|김시아|이희준|권소현|백수장|장영남|김선영|이주영|이정은|전석호
20184678,박진영,김인권|정상훈|손담비|김성철|박철민|이수정|이승은|이정우|서지은|이종수
20179189,김태균,김윤석|주지훈|문정희|진선규|이유준|김종수|권회수|허진|배해선|이봉련
20177538,이재규,유해진|조진웅|이서진|염정아|김지수|송하윤|윤경호|지우|정지훈|최유화
20174981,김성훈,현빈|장동건|조우진|정만식|이선빈|김의성|조달환|박진우|서지혜|한지은
20177552,최국희,김혜수|유아인|허준호|조우진|뱅상 카셀|김기현|염혜란|조한철|엄효섭|장성범
20170513,임진순,마동석|김새론|이상엽|김수영|진선규|장광|신세휘|오희준|배진아|김새벽
20183050,박준수,김남준|김석진|민윤기|정호석|박지민|김태형|전정국|방시혁|윤석준
20184481,김민호,마동석|송지효|김성오|박지환|이세영|장혁진|박지훈|김민재|이성우|정인기
20179006,유영선,서영희|손나은|이태리|박민지|최홍일|손성윤|이재아|김호창|이해나|이재구
20182935,노규엽,이범수|박혁권|박주미|이현정|연우진|정석원|정승길|홍우진|이종혁|경수진
20189869,김정환,박성웅|송새벽|최로운|한상혁|권해효|정인기|류성현|이재용|한진영|김건
20170658,김병우,하정우|이선균|제니퍼 엘|민무제|강신철|신현빈|이상원|손성찬|안성봉|양지수
20179230,이권,공효진|김성오|김예원|조복래|이가섭|이천희|우주영|김동규|김보경|김유정
20183745,윤준상,김서영|권창욱|엄상현|김연우|강시현|전태열
20168773,우민호,송강호|조정석|배두나|김소진|김대명|이희준|조우진|김준한|이봉련|유재명
20175547,강형철,도경수|박혜수|자레드 그라임스|오정세|김민호|김은주|송재룡|주해은|박진주|이규성
20183785,한상호,박희순|라미란|김성균|박중금|장유화|김응수|김경진|김재훈|김흥래|윤정화
20183915,유재운,김서영|엄상현|안현서|김장|홍범기|양정화|여민정|이장원|한신|서유리
20185478,김진철,이지현|김용준|양정화|사문영|홍범기|이현|시영준|엄상현|임정길|서윤선
20182530,이병헌,류승룡|이하늬|진선규|이동휘|공명|양현민|장진희|오정세|이중옥|송영규
20176251,강효진,박성웅|진영|라미란|이수민|이준혁|김광규|민지아|윤경호|김현목|권혁범
20185124,,김남준|김석진|민윤기|정호석|박지민|김태형|전정국
20184105,엄유나,유해진|윤계상|차준서|정원|송지호|유순웅|김홍파|우현|김선영|민진웅
20180868,한준희,공효진|류준열|조정석|유연수|염정아|전혜진|손석구|김기범|이성욱|박형수
20184187,임경택,이시영|박세완|이준혁|최진호|강민범|국하은|김원해|배우진|신철민|윤송아
20186324,이춘백,도경수|박소담|박철민|탁원정|한신정|강석|이준혁|연지원|전숙경|박중금
20174169,이민재,정재영|김남길|엄지원|이수경|정가람|박인환|이수경|오의식|김기천|이동희
20177539,장재현,이정재|박정민|이재인|유지태|정진영|진선규|이다윗|황정민|지승현|이항나
20195791,박수진,김동욱|고성희|김의성|황보라|임예진|염정아|한수현|이채은|김선영|차래형
20176442,김유성,정지훈|강소라|이범수|강문봉|이장원|민효린|김희원|고창석|이시언|박진주
20185881,이한,정우성|김향기|정우성|이규형|염혜란|장영남|정원중|김종수|박근형|송윤아
20196601,조민호,고아성|김새벽|정하담|류경수|신영주|정하담|최무성|하성광|김남진|최미라
20197483,신상민,이새봄|양윤희|김나니|박자희|장세아|하희라|김규리|류의도|문보람|황도원
20176103,박누리,류준열|유지태|조우진|손종학|신재민|조우진|원진아|정만식|임세미|김민재
20166301,김지혜,박희순|진경|황우슬혜|장성범|윤보라|이고은|정상훈|황우슬혜|임한빈|이주실
20197846,이정범,이선균|전소니|박해준|송영창|박병은|김민재|남문철|정가람|임철수|임형국
20175407,이수진,한석규|설경구|천우희|강진경|이윤희|설경구|한석규|현봉식|조병규|강말금
20197092,이창근,이순재|정영숙|조한철|배해선|이예원|진선규|여무영|조아인|김기천|박보경
20180825,김윤석,염정아|김소진|김혜준|박세진|김윤석|김희원|이희준|염혜란|이정은|정종준
20198183,김현호,이선|이미자|김현지|홍소영|정미숙|김서영|김환진|남도형|정승욱|이장원
20183096,이종언,설경구|전도연|신안진|도영서|윤찬영|박종환|성유빈|탕준상|신문성|이봉련
20182501,김성기,강예원|이학주|주석태|임지현|김노진|주석태|조달환|동방우|민경진|민경진
20198982,강지은,김해숙|손호준|남보라|박원상|정자영|홍성만|홍성찬|황희|김영민|동방우
20188144,유선동,정은지|이성열|최윤영|신주환|정원창|박대희|김진효|함사랑|박명신|남정희
20184082,정다원,라미란|이성경|윤상현|강문봉|강성하|이윤희|최수영|염혜란|위하준|주우재
20198597,이호경,이관희|오은주|이소연|이소연|김양진|신승윤 목사|박준오|안효빈|김석진|김은숙
20183782,봉준호,송강호|이선균|조여정|최우식|박소담|이정은|장혜진|박명훈|정지소|정현준
20185784,육상효,신하균|이광수|이솜|박철민|권해효|길해연|고봉구|김경남|김민석|안지호
20187981,홍승완,문소리|박형식|백수장|김미경|윤경호|서정연|조한철|조수향|권해효|김홍파
20188941,이원태,마동석|김무열|김성규|강문봉|문동혁|오희준|유승목|유승목|최민철|우강민
20199448,장규성,이동휘|유선|최명빈|이주원|한대훈|한동희|부진설|고수희|서정연|원현준
20198453,강윤성,김래원|원진아|진선규|최귀화|주진모|진선규|황정인|최무성|차엽|유희제
20182585,이정호,이성민|유재명|전혜진|최다니엘|김호정|김홍파|김병춘|이종신|이상희|김수정
20185353,남대중,이준호|정소민|최귀화|예지원|공명|신은수|유종연|김한|조이현|이일화
20182490,조철현,송강호|박해일|전미선|강수호|유용재|효성스님|최덕문|남문철|정해균|박동혁
20198323,홍성호,클로이 모레츠|샘 클라플린|지나 거손|패트릭 워버튼|짐 래쉬|아바 콜커|신용우|전진아|윤세웅|안소이
20180442,김주환,박서준|안성기|우도환|김근영|손우진|최성아|배한용|박지현|정지훈|이승희
20184621,이상근,조정석|임윤아|설도희|최재영|고두심|김환영|변건우|황지현|황효은|고두심
20185986,고정욱,송새벽|유선|장혁진|오민석|윤송아|정해균|정희태|한수연|박미리|김귀선
20185985,김주호,조진웅|손현주|박희순|고창석|최원영|김슬기|윤박|김민석|강수호|강현구
20190741,송원근,한지민
20181103,김보라,박지후|김새벽|정인기|이승연|박수연|손용범|박서윤|길해연|손상연|설혜인
20184543,김홍선,배성우|성동일|장영남|김혜준|조이현|김강훈|이장원|김귀선|김세희|백윤식
20184462,원신연,유해진|류준열|조우진|키타무라 카즈키|이케우치 히로유키|박지환|최유화|성유빈|이재인|다이고 코타로
20193275,박준수,김남준|김석진|민윤기|정호석|박지민|김태형|전정국
20182241,시즈노 코분,시영준|정혜원|이세은|이현|김지혜|박영진|김준현|시영준|사성웅|이동훈
20188404,김진원,서예지|진선규|서석규|서정우|진선규|김보라|차엽|지윤호|조재영|조아라
20181416,정지우,김고은|정해인|최강희|박해준|김국희|정유진|최준영|유열|이미라|심달기
20194045,한승우,방연지|김선혜|조경이|조진숙|채민지|홍범기|여윤미|박상훈|황창영|권도일
20193821,김진철,이지현|김용준|양정화|조경이|사문영|엄상현|민아|김상백|김두용|시영준
20188750,손용호,마동석|김상중|김아중|장기용|박형수|박상욱|김인우|지승현|박효준|이재윤
20194456,이성태,박해수|서예지|김상호|김응수|변희봉|김영재|이창훈|임철수|현봉식|주석태
20193601,김태훈,김명민|최민호|김성철|김인권|곽시양|봉명필|메간 폭스|조지 이즈|장지건|이재욱
20184572,권오광,박정민|류승범|최유화|우현|윤제문|이광수|임지연|권해효|주진모|최동훈
20187322,이계벽,차승원|엄채영|박해준|정원중|김혜옥|안길강|전혜빈|류한비|조한철|성지루
20191029,김도영,정유미|공유|김국희|김미경|공민정|박성연|이봉련|김성철|이얼|김미경
20195920,김한결,김래원|공효진|강기영|정웅인|장소연|이채은|정혜린|손우현|박근록|주민경
20185361,박용집,권상우|이정현|이종혁|성동일|정상훈|김현숙|박경혜|구성환|이화시|이상준
20183407,전계수,천우희|유태오|정재광|홍지석|박예영|나미희|전국향|윤상화|박영수|이수인
20184243,정혁기,엄태구|이혜리|김희원|최준영|이설|최덕문|고승보|임한빈|손석배|손영순
20184483,용수,설경구|조진웅|허준호|진선규|김사랑|지승현|이호철|윤상화|김준희|박보경
20185161,김승우,이영애|유재명|이원근|박해준|백주희|김종수|이항나|김태율|이시우|허동원
20195002,정지영,조진웅|이하늬|이경영|강신일|최덕문|조한철|허성태|윤진영|김강훈|김동인
20181434,리건,권상우|김희원|김성균|허성태|우도환|원현준|박상훈|정인겸|신수연|스테파니 리
20184341,송경용,천정명|진이한|이하율|곽희성|김도훈|이지훈|이시아|김효준|김형민|이무생
20196284,임대형,김희애|나카무라 유코|김소혜|성유빈|김학선|한송희|유재명|윤태희|정은경|정태오
20188462,허인무,나문희|김수안|고규필|임한빈|강보경|심완준|최정윤|진선미|임현성|이용이
20192206,김병서,이병헌|하정우|마동석|전혜진|배수지|이상원|옥자연|한수현|강신철|이경영
20198414,최정열,마동석|박정민|정해인|염정아|최성은|김종수|윤경호|김경덕|고두심|박해준
20198374,변영규,김영은|김채하|신용우|양정화|김현지|양정화|조현정|강성우|김다올|김다올
20198182,김하라,이시언|안내상|왕지혜|서지영|문다은|이주진|정도현|전혜원|김기두|이성우
20184571,허진호,최민식|한석규|신구|김홍파|허준호|김태우|김원해|임원희|오광록|박성훈
